layer,detector_family,detector_short,source_priority,m,rho,gamma_tilde,gamma_tilde_exact,gamma_tilde_se,gamma_ci95_lo,gamma_ci95_hi,lambda,abs_lambda,abs_lambda_lo,abs_lambda_hi,class,local_first_order_dynamics,gamma_regime,gamma_evidence_class,evidence_class,uncertainty_status,classification_reportable_as_robust,rho_in_admissible_domain,cell_kind
GAUSSIAN_CUSUM_FROZEN,Gaussian two-sided CUSUM,CUSUM,1,1,0.0,15.916540429525044,,0.05990518871399268,15.799128417158544,16.033952441891547,-0.0,0.0,0.0,0.0,LOCALLY-STABLE,LOCALLY_ATTRACTING,GAMMA_GT_2,EMPIRICAL_ONLY,THEOREM_PLUS_EMPIRICAL_ESTIMATE,ROBUST_UNDER_95_INTERVAL,True,True,GRID
GAUSSIAN_CUSUM_FROZEN,Gaussian two-sided CUSUM,CUSUM,1,1,0.01,15.916540429525044,,0.05990518871399268,15.799128417158544,16.033952441891547,-0.14916540429525044,0.14916540429525044,0.14799128417158544,0.15033952441891546,LOCALLY-STABLE,LOCALLY_ATTRACTING,GAMMA_GT_2,EMPIRICAL_ONLY,THEOREM_PLUS_EMPIRICAL_ESTIMATE,ROBUST_UNDER_95_INTERVAL,True,True,GRID
GAUSSIAN_CUSUM_FROZEN,Gaussian two-sided CUSUM,CUSUM,1,1,0.02,15.916540429525044,,0.05990518871399268,15.799128417158544,16.033952441891547,-0.2983308085905009,0.2983308085905009,0.2959825683431709,0.3006790488378309,LOCALLY-STABLE,LOCALLY_ATTRACTING,GAMMA_GT_2,EMPIRICAL_ONLY,THEOREM_PLUS_EMPIRICAL_ESTIMATE,ROBUST_UNDER_95_INTERVAL,True,True,GRID
GAUSSIAN_CUSUM_FROZEN,Gaussian two-sided CUSUM,CUSUM,1,1,0.03,15.916540429525044,,0.05990518871399268,15.799128417158544,16.033952441891547,-0.4474962128857513,0.4474962128857513,0.4439738525147563,0.4510185732567464,LOCALLY-STABLE,LOCALLY_ATTRACTING,GAMMA_GT_2,EMPIRICAL_ONLY,THEOREM_PLUS_EMPIRICAL_ESTIMATE,ROBUST_UNDER_95_INTERVAL,True,True,GRID
GAUSSIAN_CUSUM_FROZEN,Gaussian two-sided CUSUM,CUSUM,1,1,0.04,15.916540429525044,,0.05990518871399268,15.799128417158544,16.033952441891547,-0.5966616171810017,0.5966616171810017,0.5919651366863418,0.6013580976756618,LOCALLY-STABLE,LOCALLY_ATTRACTING,GAMMA_GT_2,EMPIRICAL_ONLY,THEOREM_PLUS_EMPIRICAL_ESTIMATE,ROBUST_UNDER_95_INTERVAL,True,True,GRID
GAUSSIAN_CUSUM_FROZEN,Gaussian two-sided CUSUM,CUSUM,1,1,0.05,15.916540429525044,,0.05990518871399268,15.799128417158544,16.033952441891547,-0.7458270214762522,0.7458270214762522,0.7399564208579272,0.7516976220945774,LOCALLY-STABLE,LOCALLY_ATTRACTING,GAMMA_GT_2,EMPIRICAL_ONLY,THEOREM_PLUS_EMPIRICAL_ESTIMATE,ROBUST_UNDER_95_INTERVAL,True,True,GRID
GAUSSIAN_CUSUM_FROZEN,Gaussian two-sided CUSUM,CUSUM,1,1,0.06,15.916540429525044,,0.05990518871399268,15.799128417158544,16.033952441891547,-0.8949924257715026,0.8949924257715026,0.8879477050295126,0.9020371465134928,LOCALLY-STABLE,LOCALLY_ATTRACTING,GAMMA_GT_2,EMPIRICAL_ONLY,THEOREM_PLUS_EMPIRICAL_ESTIMATE,ROBUST_UNDER_95_INTERVAL,True,True,GRID
GAUSSIAN_CUSUM_FROZEN,Gaussian two-sided CUSUM,CUSUM,1,1,0.07,15.916540429525044,,0.05990518871399268,15.799128417158544,16.033952441891547,-1.0441578300667531,1.0441578300667531,1.0359389892010982,1.0523766709324083,LOCALLY-UNSTABLE,LOCALLY_REPELLING,GAMMA_GT_2,EMPIRICAL_ONLY,THEOREM_PLUS_EMPIRICAL_ESTIMATE,ROBUST_UNDER_95_INTERVAL,True,True,GRID
GAUSSIAN_CUSUM_FROZEN,Gaussian two-sided CUSUM,CUSUM,1,1,0.08,15.916540429525044,,0.05990518871399268,15.799128417158544,16.033952441891547,-1.1933232343620035,1.1933232343620035,1.1839302733726835,1.2027161953513237,LOCALLY-UNSTABLE,LOCALLY_REPELLING,GAMMA_GT_2,EMPIRICAL_ONLY,THEOREM_PLUS_EMPIRICAL_ESTIMATE,ROBUST_UNDER_95_INTERVAL,True,True,GRID
GAUSSIAN_CUSUM_FROZEN,Gaussian two-sided CUSUM,CUSUM,1,1,0.09,15.916540429525044,,0.05990518871399268,15.799128417158544,16.033952441891547,-1.3424886386572539,1.3424886386572539,1.3319215575442689,1.353055719770239,LOCALLY-UNSTABLE,LOCALLY_REPELLING,GAMMA_GT_2,EMPIRICAL_ONLY,THEOREM_PLUS_EMPIRICAL_ESTIMATE,ROBUST_UNDER_95_INTERVAL,True,True,GRID
GAUSSIAN_CUSUM_FROZEN,Gaussian two-sided CUSUM,CUSUM,1,1,0.1,15.916540429525044,,0.05990518871399268,15.799128417158544,16.033952441891547,-1.4916540429525045,1.4916540429525045,1.4799128417158545,1.5033952441891547,LOCALLY-UNSTABLE,LOCALLY_REPELLING,GAMMA_GT_2,EMPIRICAL_ONLY,THEOREM_PLUS_EMPIRICAL_ESTIMATE,ROBUST_UNDER_95_INTERVAL,True,True,GRID
GAUSSIAN_CUSUM_FROZEN,Gaussian two-sided CUSUM,CUSUM,1,1,0.12,15.916540429525044,,0.05990518871399268,15.799128417158544,16.033952441891547,-1.7899848515430052,1.7899848515430052,1.7758954100590252,1.8040742930269855,LOCALLY-UNSTABLE,LOCALLY_REPELLING,GAMMA_GT_2,EMPIRICAL_ONLY,THEOREM_PLUS_EMPIRICAL_ESTIMATE,ROBUST_UNDER_95_INTERVAL,True,True,GRID
GAUSSIAN_CUSUM_FROZEN,Gaussian two-sided CUSUM,CUSUM,1,1,0.15,15.916540429525044,,0.05990518871399268,15.799128417158544,16.033952441891547,-2.2374810644287564,2.2374810644287564,2.2198692625737815,2.2550928662837317,LOCALLY-UNSTABLE,LOCALLY_REPELLING,GAMMA_GT_2,EMPIRICAL_ONLY,THEOREM_PLUS_EMPIRICAL_ESTIMATE,ROBUST_UNDER_95_INTERVAL,True,True,GRID
GAUSSIAN_CUSUM_FROZEN,Gaussian two-sided CUSUM,CUSUM,1,1,0.2,15.916540429525044,,0.05990518871399268,15.799128417158544,16.033952441891547,-2.983308085905009,2.983308085905009,2.959825683431709,3.0067904883783094,LOCALLY-UNSTABLE,LOCALLY_REPELLING,GAMMA_GT_2,EMPIRICAL_ONLY,THEOREM_PLUS_EMPIRICAL_ESTIMATE,ROBUST_UNDER_95_INTERVAL,True,True,GRID
GAUSSIAN_CUSUM_FROZEN,Gaussian two-sided CUSUM,CUSUM,1,1,0.25,15.916540429525044,,0.05990518871399268,15.799128417158544,16.033952441891547,-3.729135107381261,3.729135107381261,3.699782104289636,3.7584881104728867,LOCALLY-UNSTABLE,LOCALLY_REPELLING,GAMMA_GT_2,EMPIRICAL_ONLY,THEOREM_PLUS_EMPIRICAL_ESTIMATE,ROBUST_UNDER_95_INTERVAL,True,True,GRID
GAUSSIAN_CUSUM_FROZEN,Gaussian two-sided CUSUM,CUSUM,1,1,0.4,15.916540429525044,,0.05990518871399268,15.799128417158544,16.033952441891547,-5.966616171810018,5.966616171810018,5.919651366863418,6.013580976756619,LOCALLY-UNSTABLE,LOCALLY_REPELLING,GAMMA_GT_2,EMPIRICAL_ONLY,THEOREM_PLUS_EMPIRICAL_ESTIMATE,ROBUST_UNDER_95_INTERVAL,True,True,GRID
GAUSSIAN_CUSUM_FROZEN,Gaussian two-sided CUSUM,CUSUM,1,1,0.6,15.916540429525044,,0.05990518871399268,15.799128417158544,16.033952441891547,-8.949924257715026,8.949924257715026,8.879477050295126,9.020371465134927,LOCALLY-UNSTABLE,LOCALLY_REPELLING,GAMMA_GT_2,EMPIRICAL_ONLY,THEOREM_PLUS_EMPIRICAL_ESTIMATE,ROBUST_UNDER_95_INTERVAL,True,True,GRID
GAUSSIAN_CUSUM_FROZEN,Gaussian two-sided CUSUM,CUSUM,1,1,0.8,15.916540429525044,,0.05990518871399268,15.799128417158544,16.033952441891547,-11.933232343620036,11.933232343620036,11.839302733726836,12.027161953513238,LOCALLY-UNSTABLE,LOCALLY_REPELLING,GAMMA_GT_2,EMPIRICAL_ONLY,THEOREM_PLUS_EMPIRICAL_ESTIMATE,ROBUST_UNDER_95_INTERVAL,True,True,GRID
GAUSSIAN_CUSUM_FROZEN,Gaussian two-sided CUSUM,CUSUM,1,1,1.0,15.916540429525044,,0.05990518871399268,15.799128417158544,16.033952441891547,-14.916540429525044,14.916540429525044,14.799128417158544,15.033952441891547,LOCALLY-UNSTABLE,LOCALLY_REPELLING,GAMMA_GT_2,EMPIRICAL_ONLY,THEOREM_PLUS_EMPIRICAL_ESTIMATE,ROBUST_UNDER_95_INTERVAL,True,True,GRID
GAUSSIAN_CUSUM_FROZEN,Gaussian two-sided CUSUM,CUSUM,1,2,0.0,13.26482496169605,,0.050152156092659925,13.166528542007406,13.363121381384694,-0.0,0.0,0.0,0.0,LOCALLY-STABLE,LOCALLY_ATTRACTING,GAMMA_GT_2,EMPIRICAL_ONLY,THEOREM_PLUS_EMPIRICAL_ESTIMATE,ROBUST_UNDER_95_INTERVAL,True,True,GRID
GAUSSIAN_CUSUM_FROZEN,Gaussian two-sided CUSUM,CUSUM,1,2,0.01,13.26482496169605,,0.050152156092659925,13.166528542007406,13.363121381384694,-0.1226482496169605,0.1226482496169605,0.12166528542007406,0.12363121381384694,LOCALLY-STABLE,LOCALLY_ATTRACTING,GAMMA_GT_2,EMPIRICAL_ONLY,THEOREM_PLUS_EMPIRICAL_ESTIMATE,ROBUST_UNDER_95_INTERVAL,True,True,GRID
GAUSSIAN_CUSUM_FROZEN,Gaussian two-sided CUSUM,CUSUM,1,2,0.02,13.26482496169605,,0.050152156092659925,13.166528542007406,13.363121381384694,-0.245296499233921,0.245296499233921,0.2433305708401481,0.24726242762769388,LOCALLY-STABLE,LOCALLY_ATTRACTING,GAMMA_GT_2,EMPIRICAL_ONLY,THEOREM_PLUS_EMPIRICAL_ESTIMATE,ROBUST_UNDER_95_INTERVAL,True,True,GRID
GAUSSIAN_CUSUM_FROZEN,Gaussian two-sided CUSUM,CUSUM,1,2,0.03,13.26482496169605,,0.050152156092659925,13.166528542007406,13.363121381384694,-0.36794474885088146,0.36794474885088146,0.36499585626022213,0.3708936414415408,LOCALLY-STABLE,LOCALLY_ATTRACTING,GAMMA_GT_2,EMPIRICAL_ONLY,THEOREM_PLUS_EMPIRICAL_ESTIMATE,ROBUST_UNDER_95_INTERVAL,True,True,GRID
GAUSSIAN_CUSUM_FROZEN,Gaussian two-sided CUSUM,CUSUM,1,2,0.04,13.26482496169605,,0.050152156092659925,13.166528542007406,13.363121381384694,-0.490592998467842,0.490592998467842,0.4866611416802962,0.49452485525538775,LOCALLY-STABLE,LOCALLY_ATTRACTING,GAMMA_GT_2,EMPIRICAL_ONLY,THEOREM_PLUS_EMPIRICAL_ESTIMATE,ROBUST_UNDER_95_INTERVAL,True,True,GRID
GAUSSIAN_CUSUM_FROZEN,Gaussian two-sided CUSUM,CUSUM,1,2,0.05,13.26482496169605,,0.050152156092659925,13.166528542007406,13.363121381384694,-0.6132412480848025,0.6132412480848025,0.6083264271003703,0.6181560690692347,LOCALLY-STABLE,LOCALLY_ATTRACTING,GAMMA_GT_2,EMPIRICAL_ONLY,THEOREM_PLUS_EMPIRICAL_ESTIMATE,ROBUST_UNDER_95_INTERVAL,True,True,GRID
GAUSSIAN_CUSUM_FROZEN,Gaussian two-sided CUSUM,CUSUM,1,2,0.06,13.26482496169605,,0.050152156092659925,13.166528542007406,13.363121381384694,-0.7358894977017629,0.7358894977017629,0.7299917125204443,0.7417872828830816,LOCALLY-STABLE,LOCALLY_ATTRACTING,GAMMA_GT_2,EMPIRICAL_ONLY,THEOREM_PLUS_EMPIRICAL_ESTIMATE,ROBUST_UNDER_95_INTERVAL,True,True,GRID
GAUSSIAN_CUSUM_FROZEN,Gaussian two-sided CUSUM,CUSUM,1,2,0.07,13.26482496169605,,0.050152156092659925,13.166528542007406,13.363121381384694,-0.8585377473187236,0.8585377473187236,0.8516569979405185,0.8654184966969287,LOCALLY-STABLE,LOCALLY_ATTRACTING,GAMMA_GT_2,EMPIRICAL_ONLY,THEOREM_PLUS_EMPIRICAL_ESTIMATE,ROBUST_UNDER_95_INTERVAL,True,True,GRID
GAUSSIAN_CUSUM_FROZEN,Gaussian two-sided CUSUM,CUSUM,1,2,0.08,13.26482496169605,,0.050152156092659925,13.166528542007406,13.363121381384694,-0.981185996935684,0.981185996935684,0.9733222833605925,0.9890497105107755,LOCALLY-STABLE,LOCALLY_ATTRACTING,GAMMA_GT_2,EMPIRICAL_ONLY,THEOREM_PLUS_EMPIRICAL_ESTIMATE,ROBUST_UNDER_95_INTERVAL,True,True,GRID
GAUSSIAN_CUSUM_FROZEN,Gaussian two-sided CUSUM,CUSUM,1,2,0.09,13.26482496169605,,0.050152156092659925,13.166528542007406,13.363121381384694,-1.1038342465526445,1.1038342465526445,1.0949875687806665,1.1126809243246225,LOCALLY-UNSTABLE,LOCALLY_REPELLING,GAMMA_GT_2,EMPIRICAL_ONLY,THEOREM_PLUS_EMPIRICAL_ESTIMATE,ROBUST_UNDER_95_INTERVAL,True,True,GRID
GAUSSIAN_CUSUM_FROZEN,Gaussian two-sided CUSUM,CUSUM,1,2,0.1,13.26482496169605,,0.050152156092659925,13.166528542007406,13.363121381384694,-1.226482496169605,1.226482496169605,1.2166528542007407,1.2363121381384694,LOCALLY-UNSTABLE,LOCALLY_REPELLING,GAMMA_GT_2,EMPIRICAL_ONLY,THEOREM_PLUS_EMPIRICAL_ESTIMATE,ROBUST_UNDER_95_INTERVAL,True,True,GRID
GAUSSIAN_CUSUM_FROZEN,Gaussian two-sided CUSUM,CUSUM,1,2,0.12,13.26482496169605,,0.050152156092659925,13.166528542007406,13.363121381384694,-1.4717789954035259,1.4717789954035259,1.4599834250408885,1.4835745657661632,LOCALLY-UNSTABLE,LOCALLY_REPELLING,GAMMA_GT_2,EMPIRICAL_ONLY,THEOREM_PLUS_EMPIRICAL_ESTIMATE,ROBUST_UNDER_95_INTERVAL,True,True,GRID
GAUSSIAN_CUSUM_FROZEN,Gaussian two-sided CUSUM,CUSUM,1,2,0.15,13.26482496169605,,0.050152156092659925,13.166528542007406,13.363121381384694,-1.8397237442544074,1.8397237442544074,1.8249792813011108,1.8544682072077041,LOCALLY-UNSTABLE,LOCALLY_REPELLING,GAMMA_GT_2,EMPIRICAL_ONLY,THEOREM_PLUS_EMPIRICAL_ESTIMATE,ROBUST_UNDER_95_INTERVAL,True,True,GRID
GAUSSIAN_CUSUM_FROZEN,Gaussian two-sided CUSUM,CUSUM,1,2,0.2,13.26482496169605,,0.050152156092659925,13.166528542007406,13.363121381384694,-2.45296499233921,2.45296499233921,2.4333057084014813,2.472624276276939,LOCALLY-UNSTABLE,LOCALLY_REPELLING,GAMMA_GT_2,EMPIRICAL_ONLY,THEOREM_PLUS_EMPIRICAL_ESTIMATE,ROBUST_UNDER_95_INTERVAL,True,True,GRID
GAUSSIAN_CUSUM_FROZEN,Gaussian two-sided CUSUM,CUSUM,1,2,0.25,13.26482496169605,,0.050152156092659925,13.166528542007406,13.363121381384694,-3.0662062404240125,3.0662062404240125,3.0416321355018514,3.0907803453461735,LOCALLY-UNSTABLE,LOCALLY_REPELLING,GAMMA_GT_2,EMPIRICAL_ONLY,THEOREM_PLUS_EMPIRICAL_ESTIMATE,ROBUST_UNDER_95_INTERVAL,True,True,GRID
GAUSSIAN_CUSUM_FROZEN,Gaussian two-sided CUSUM,CUSUM,1,2,0.4,13.26482496169605,,0.050152156092659925,13.166528542007406,13.363121381384694,-4.90592998467842,4.90592998467842,4.866611416802963,4.945248552553878,LOCALLY-UNSTABLE,LOCALLY_REPELLING,GAMMA_GT_2,EMPIRICAL_ONLY,THEOREM_PLUS_EMPIRICAL_ESTIMATE,ROBUST_UNDER_95_INTERVAL,True,True,GRID
GAUSSIAN_CUSUM_FROZEN,Gaussian two-sided CUSUM,CUSUM,1,2,0.6,13.26482496169605,,0.050152156092659925,13.166528542007406,13.363121381384694,-7.35889497701763,7.35889497701763,7.299917125204443,7.4178728288308164,LOCALLY-UNSTABLE,LOCALLY_REPELLING,GAMMA_GT_2,EMPIRICAL_ONLY,THEOREM_PLUS_EMPIRICAL_ESTIMATE,ROBUST_UNDER_95_INTERVAL,True,True,GRID
GAUSSIAN_CUSUM_FROZEN,Gaussian two-sided CUSUM,CUSUM,1,2,0.8,13.26482496169605,,0.050152156092659925,13.166528542007406,13.363121381384694,-9.81185996935684,9.81185996935684,9.733222833605925,9.890497105107755,LOCALLY-UNSTABLE,LOCALLY_REPELLING,GAMMA_GT_2,EMPIRICAL_ONLY,THEOREM_PLUS_EMPIRICAL_ESTIMATE,ROBUST_UNDER_95_INTERVAL,True,True,GRID
GAUSSIAN_CUSUM_FROZEN,Gaussian two-sided CUSUM,CUSUM,1,2,1.0,13.26482496169605,,0.050152156092659925,13.166528542007406,13.363121381384694,-12.26482496169605,12.26482496169605,12.166528542007406,12.363121381384694,LOCALLY-UNSTABLE,LOCALLY_REPELLING,GAMMA_GT_2,EMPIRICAL_ONLY,THEOREM_PLUS_EMPIRICAL_ESTIMATE,ROBUST_UNDER_95_INTERVAL,True,True,GRID
GAUSSIAN_CUSUM_FROZEN,Gaussian two-sided CUSUM,CUSUM,1,3,0.0,11.957078194838436,,0.04316132971596495,11.872483543070286,12.041672846606586,-0.0,0.0,0.0,0.0,LOCALLY-STABLE,LOCALLY_ATTRACTING,GAMMA_GT_2,EMPIRICAL_ONLY,THEOREM_PLUS_EMPIRICAL_ESTIMATE,ROBUST_UNDER_95_INTERVAL,True,True,GRID
GAUSSIAN_CUSUM_FROZEN,Gaussian two-sided CUSUM,CUSUM,1,3,0.01,11.957078194838436,,0.04316132971596495,11.872483543070286,12.041672846606586,-0.10957078194838436,0.10957078194838436,0.10872483543070287,0.11041672846606586,LOCALLY-STABLE,LOCALLY_ATTRACTING,GAMMA_GT_2,EMPIRICAL_ONLY,THEOREM_PLUS_EMPIRICAL_ESTIMATE,ROBUST_UNDER_95_INTERVAL,True,True,GRID
GAUSSIAN_CUSUM_FROZEN,Gaussian two-sided CUSUM,CUSUM,1,3,0.02,11.957078194838436,,0.04316132971596495,11.872483543070286,12.041672846606586,-0.21914156389676873,0.21914156389676873,0.21744967086140574,0.22083345693213172,LOCALLY-STABLE,LOCALLY_ATTRACTING,GAMMA_GT_2,EMPIRICAL_ONLY,THEOREM_PLUS_EMPIRICAL_ESTIMATE,ROBUST_UNDER_95_INTERVAL,True,True,GRID
GAUSSIAN_CUSUM_FROZEN,Gaussian two-sided CUSUM,CUSUM,1,3,0.03,11.957078194838436,,0.04316132971596495,11.872483543070286,12.041672846606586,-0.3287123458451531,0.3287123458451531,0.3261745062921086,0.33125018539819756,LOCALLY-STABLE,LOCALLY_ATTRACTING,GAMMA_GT_2,EMPIRICAL_ONLY,THEOREM_PLUS_EMPIRICAL_ESTIMATE,ROBUST_UNDER_95_INTERVAL,True,True,GRID
GAUSSIAN_CUSUM_FROZEN,Gaussian two-sided CUSUM,CUSUM,1,3,0.04,11.957078194838436,,0.04316132971596495,11.872483543070286,12.041672846606586,-0.43828312779353745,0.43828312779353745,0.43489934172281147,0.44166691386426343,LOCALLY-STABLE,LOCALLY_ATTRACTING,GAMMA_GT_2,EMPIRICAL_ONLY,THEOREM_PLUS_EMPIRICAL_ESTIMATE,ROBUST_UNDER_95_INTERVAL,True,True,GRID
GAUSSIAN_CUSUM_FROZEN,Gaussian two-sided CUSUM,CUSUM,1,3,0.05,11.957078194838436,,0.04316132971596495,11.872483543070286,12.041672846606586,-0.5478539097419218,0.5478539097419218,0.5436241771535143,0.5520836423303294,LOCALLY-STABLE,LOCALLY_ATTRACTING,GAMMA_GT_2,EMPIRICAL_ONLY,THEOREM_PLUS_EMPIRICAL_ESTIMATE,ROBUST_UNDER_95_INTERVAL,True,True,GRID
GAUSSIAN_CUSUM_FROZEN,Gaussian two-sided CUSUM,CUSUM,1,3,0.06,11.957078194838436,,0.04316132971596495,11.872483543070286,12.041672846606586,-0.6574246916903062,0.6574246916903062,0.6523490125842172,0.6625003707963951,LOCALLY-STABLE,LOCALLY_ATTRACTING,GAMMA_GT_2,EMPIRICAL_ONLY,THEOREM_PLUS_EMPIRICAL_ESTIMATE,ROBUST_UNDER_95_INTERVAL,True,True,GRID
GAUSSIAN_CUSUM_FROZEN,Gaussian two-sided CUSUM,CUSUM,1,3,0.07,11.957078194838436,,0.04316132971596495,11.872483543070286,12.041672846606586,-0.7669954736386906,0.7669954736386906,0.7610738480149202,0.7729170992624611,LOCALLY-STABLE,LOCALLY_ATTRACTING,GAMMA_GT_2,EMPIRICAL_ONLY,THEOREM_PLUS_EMPIRICAL_ESTIMATE,ROBUST_UNDER_95_INTERVAL,True,True,GRID
GAUSSIAN_CUSUM_FROZEN,Gaussian two-sided CUSUM,CUSUM,1,3,0.08,11.957078194838436,,0.04316132971596495,11.872483543070286,12.041672846606586,-0.8765662555870749,0.8765662555870749,0.8697986834456229,0.8833338277285269,LOCALLY-STABLE,LOCALLY_ATTRACTING,GAMMA_GT_2,EMPIRICAL_ONLY,THEOREM_PLUS_EMPIRICAL_ESTIMATE,ROBUST_UNDER_95_INTERVAL,True,True,GRID
GAUSSIAN_CUSUM_FROZEN,Gaussian two-sided CUSUM,CUSUM,1,3,0.09,11.957078194838436,,0.04316132971596495,11.872483543070286,12.041672846606586,-0.9861370375354592,0.9861370375354592,0.9785235188763257,0.9937505561945927,LOCALLY-STABLE,LOCALLY_ATTRACTING,GAMMA_GT_2,EMPIRICAL_ONLY,THEOREM_PLUS_EMPIRICAL_ESTIMATE,ROBUST_UNDER_95_INTERVAL,True,True,GRID
GAUSSIAN_CUSUM_FROZEN,Gaussian two-sided CUSUM,CUSUM,1,3,0.1,11.957078194838436,,0.04316132971596495,11.872483543070286,12.041672846606586,-1.0957078194838437,1.0957078194838437,1.0872483543070286,1.1041672846606587,LOCALLY-UNSTABLE,LOCALLY_REPELLING,GAMMA_GT_2,EMPIRICAL_ONLY,THEOREM_PLUS_EMPIRICAL_ESTIMATE,ROBUST_UNDER_95_INTERVAL,True,True,GRID
GAUSSIAN_CUSUM_FROZEN,Gaussian two-sided CUSUM,CUSUM,1,3,0.12,11.957078194838436,,0.04316132971596495,11.872483543070286,12.041672846606586,-1.3148493833806123,1.3148493833806123,1.3046980251684344,1.3250007415927902,LOCALLY-UNSTABLE,LOCALLY_REPELLING,GAMMA_GT_2,EMPIRICAL_ONLY,THEOREM_PLUS_EMPIRICAL_ESTIMATE,ROBUST_UNDER_95_INTERVAL,True,True,GRID
GAUSSIAN_CUSUM_FROZEN,Gaussian two-sided CUSUM,CUSUM,1,3,0.15,11.957078194838436,,0.04316132971596495,11.872483543070286,12.041672846606586,-1.6435617292257654,1.6435617292257654,1.630872531460543,1.6562509269909877,LOCALLY-UNSTABLE,LOCALLY_REPELLING,GAMMA_GT_2,EMPIRICAL_ONLY,THEOREM_PLUS_EMPIRICAL_ESTIMATE,ROBUST_UNDER_95_INTERVAL,True,True,GRID
GAUSSIAN_CUSUM_FROZEN,Gaussian two-sided CUSUM,CUSUM,1,3,0.2,11.957078194838436,,0.04316132971596495,11.872483543070286,12.041672846606586,-2.1914156389676873,2.1914156389676873,2.174496708614057,2.2083345693213174,LOCALLY-UNSTABLE,LOCALLY_REPELLING,GAMMA_GT_2,EMPIRICAL_ONLY,THEOREM_PLUS_EMPIRICAL_ESTIMATE,ROBUST_UNDER_95_INTERVAL,True,True,GRID
GAUSSIAN_CUSUM_FROZEN,Gaussian two-sided CUSUM,CUSUM,1,3,0.25,11.957078194838436,,0.04316132971596495,11.872483543070286,12.041672846606586,-2.739269548709609,2.739269548709609,2.7181208857675716,2.7604182116516465,LOCALLY-UNSTABLE,LOCALLY_REPELLING,GAMMA_GT_2,EMPIRICAL_ONLY,THEOREM_PLUS_EMPIRICAL_ESTIMATE,ROBUST_UNDER_95_INTERVAL,True,True,GRID
GAUSSIAN_CUSUM_FROZEN,Gaussian two-sided CUSUM,CUSUM,1,3,0.4,11.957078194838436,,0.04316132971596495,11.872483543070286,12.041672846606586,-4.382831277935375,4.382831277935375,4.348993417228114,4.416669138642635,LOCALLY-UNSTABLE,LOCALLY_REPELLING,GAMMA_GT_2,EMPIRICAL_ONLY,THEOREM_PLUS_EMPIRICAL_ESTIMATE,ROBUST_UNDER_95_INTERVAL,True,True,GRID
GAUSSIAN_CUSUM_FROZEN,Gaussian two-sided CUSUM,CUSUM,1,3,0.6,11.957078194838436,,0.04316132971596495,11.872483543070286,12.041672846606586,-6.5742469169030615,6.5742469169030615,6.523490125842172,6.625003707963951,LOCALLY-UNSTABLE,LOCALLY_REPELLING,GAMMA_GT_2,EMPIRICAL_ONLY,THEOREM_PLUS_EMPIRICAL_ESTIMATE,ROBUST_UNDER_95_INTERVAL,True,True,GRID
GAUSSIAN_CUSUM_FROZEN,Gaussian two-sided CUSUM,CUSUM,1,3,0.8,11.957078194838436,,0.04316132971596495,11.872483543070286,12.041672846606586,-8.76566255587075,8.76566255587075,8.697986834456229,8.83333827728527,LOCALLY-UNSTABLE,LOCALLY_REPELLING,GAMMA_GT_2,EMPIRICAL_ONLY,THEOREM_PLUS_EMPIRICAL_ESTIMATE,ROBUST_UNDER_95_INTERVAL,True,True,GRID
GAUSSIAN_CUSUM_FROZEN,Gaussian two-sided CUSUM,CUSUM,1,3,1.0,11.957078194838436,,0.04316132971596495,11.872483543070286,12.041672846606586,-10.957078194838436,10.957078194838436,10.872483543070286,11.041672846606586,LOCALLY-UNSTABLE,LOCALLY_REPELLING,GAMMA_GT_2,EMPIRICAL_ONLY,THEOREM_PLUS_EMPIRICAL_ESTIMATE,ROBUST_UNDER_95_INTERVAL,True,True,GRID
GAUSSIAN_CUSUM_FROZEN,Gaussian two-sided CUSUM,CUSUM,1,5,0.0,10.226363970189938,,0.03523707485898826,10.157300572545779,10.295427367834098,-0.0,0.0,0.0,0.0,LOCALLY-STABLE,LOCALLY_ATTRACTING,GAMMA_GT_2,EMPIRICAL_ONLY,THEOREM_PLUS_EMPIRICAL_ESTIMATE,ROBUST_UNDER_95_INTERVAL,True,True,GRID
GAUSSIAN_CUSUM_FROZEN,Gaussian two-sided CUSUM,CUSUM,1,5,0.01,10.226363970189938,,0.03523707485898826,10.157300572545779,10.295427367834098,-0.09226363970189938,0.09226363970189938,0.09157300572545779,0.09295427367834097,LOCALLY-STABLE,LOCALLY_ATTRACTING,GAMMA_GT_2,EMPIRICAL_ONLY,THEOREM_PLUS_EMPIRICAL_ESTIMATE,ROBUST_UNDER_95_INTERVAL,True,True,GRID
GAUSSIAN_CUSUM_FROZEN,Gaussian two-sided CUSUM,CUSUM,1,5,0.02,10.226363970189938,,0.03523707485898826,10.157300572545779,10.295427367834098,-0.18452727940379876,0.18452727940379876,0.18314601145091558,0.18590854735668194,LOCALLY-STABLE,LOCALLY_ATTRACTING,GAMMA_GT_2,EMPIRICAL_ONLY,THEOREM_PLUS_EMPIRICAL_ESTIMATE,ROBUST_UNDER_95_INTERVAL,True,True,GRID
GAUSSIAN_CUSUM_FROZEN,Gaussian two-sided CUSUM,CUSUM,1,5,0.03,10.226363970189938,,0.03523707485898826,10.157300572545779,10.295427367834098,-0.27679091910569814,0.27679091910569814,0.27471901717637337,0.2788628210350229,LOCALLY-STABLE,LOCALLY_ATTRACTING,GAMMA_GT_2,EMPIRICAL_ONLY,THEOREM_PLUS_EMPIRICAL_ESTIMATE,ROBUST_UNDER_95_INTERVAL,True,True,GRID
GAUSSIAN_CUSUM_FROZEN,Gaussian two-sided CUSUM,CUSUM,1,5,0.04,10.226363970189938,,0.03523707485898826,10.157300572545779,10.295427367834098,-0.3690545588075975,0.3690545588075975,0.36629202290183116,0.3718170947133639,LOCALLY-STABLE,LOCALLY_ATTRACTING,GAMMA_GT_2,EMPIRICAL_ONLY,THEOREM_PLUS_EMPIRICAL_ESTIMATE,ROBUST_UNDER_95_INTERVAL,True,True,GRID
GAUSSIAN_CUSUM_FROZEN,Gaussian two-sided CUSUM,CUSUM,1,5,0.05,10.226363970189938,,0.03523707485898826,10.157300572545779,10.295427367834098,-0.46131819850949696,0.46131819850949696,0.45786502862728895,0.4647713683917049,LOCALLY-STABLE,LOCALLY_ATTRACTING,GAMMA_GT_2,EMPIRICAL_ONLY,THEOREM_PLUS_EMPIRICAL_ESTIMATE,ROBUST_UNDER_95_INTERVAL,True,True,GRID
GAUSSIAN_CUSUM_FROZEN,Gaussian two-sided CUSUM,CUSUM,1,5,0.06,10.226363970189938,,0.03523707485898826,10.157300572545779,10.295427367834098,-0.5535818382113963,0.5535818382113963,0.5494380343527467,0.5577256420700458,LOCALLY-STABLE,LOCALLY_ATTRACTING,GAMMA_GT_2,EMPIRICAL_ONLY,THEOREM_PLUS_EMPIRICAL_ESTIMATE,ROBUST_UNDER_95_INTERVAL,True,True,GRID
GAUSSIAN_CUSUM_FROZEN,Gaussian two-sided CUSUM,CUSUM,1,5,0.07,10.226363970189938,,0.03523707485898826,10.157300572545779,10.295427367834098,-0.6458454779132957,0.6458454779132957,0.6410110400782046,0.6506799157483869,LOCALLY-STABLE,LOCALLY_ATTRACTING,GAMMA_GT_2,EMPIRICAL_ONLY,THEOREM_PLUS_EMPIRICAL_ESTIMATE,ROBUST_UNDER_95_INTERVAL,True,True,GRID
GAUSSIAN_CUSUM_FROZEN,Gaussian two-sided CUSUM,CUSUM,1,5,0.08,10.226363970189938,,0.03523707485898826,10.157300572545779,10.295427367834098,-0.738109117615195,0.738109117615195,0.7325840458036623,0.7436341894267278,LOCALLY-STABLE,LOCALLY_ATTRACTING,GAMMA_GT_2,EMPIRICAL_ONLY,THEOREM_PLUS_EMPIRICAL_ESTIMATE,ROBUST_UNDER_95_INTERVAL,True,True,GRID
GAUSSIAN_CUSUM_FROZEN,Gaussian two-sided CUSUM,CUSUM,1,5,0.09,10.226363970189938,,0.03523707485898826,10.157300572545779,10.295427367834098,-0.8303727573170944,0.8303727573170944,0.8241570515291201,0.8365884631050687,LOCALLY-STABLE,LOCALLY_ATTRACTING,GAMMA_GT_2,EMPIRICAL_ONLY,THEOREM_PLUS_EMPIRICAL_ESTIMATE,ROBUST_UNDER_95_INTERVAL,True,True,GRID
GAUSSIAN_CUSUM_FROZEN,Gaussian two-sided CUSUM,CUSUM,1,5,0.1,10.226363970189938,,0.03523707485898826,10.157300572545779,10.295427367834098,-0.9226363970189939,0.9226363970189939,0.9157300572545779,0.9295427367834098,LOCALLY-STABLE,LOCALLY_ATTRACTING,GAMMA_GT_2,EMPIRICAL_ONLY,THEOREM_PLUS_EMPIRICAL_ESTIMATE,ROBUST_UNDER_95_INTERVAL,True,True,GRID
GAUSSIAN_CUSUM_FROZEN,Gaussian two-sided CUSUM,CUSUM,1,5,0.12,10.226363970189938,,0.03523707485898826,10.157300572545779,10.295427367834098,-1.1071636764227926,1.1071636764227926,1.0988760687054935,1.1154512841400916,LOCALLY-UNSTABLE,LOCALLY_REPELLING,GAMMA_GT_2,EMPIRICAL_ONLY,THEOREM_PLUS_EMPIRICAL_ESTIMATE,ROBUST_UNDER_95_INTERVAL,True,True,GRID
GAUSSIAN_CUSUM_FROZEN,Gaussian two-sided CUSUM,CUSUM,1,5,0.15,10.226363970189938,,0.03523707485898826,10.157300572545779,10.295427367834098,-1.3839545955284906,1.3839545955284906,1.3735950858818669,1.3943141051751147,LOCALLY-UNSTABLE,LOCALLY_REPELLING,GAMMA_GT_2,EMPIRICAL_ONLY,THEOREM_PLUS_EMPIRICAL_ESTIMATE,ROBUST_UNDER_95_INTERVAL,True,True,GRID
GAUSSIAN_CUSUM_FROZEN,Gaussian two-sided CUSUM,CUSUM,1,5,0.2,10.226363970189938,,0.03523707485898826,10.157300572545779,10.295427367834098,-1.8452727940379878,1.8452727940379878,1.8314601145091558,1.8590854735668196,LOCALLY-UNSTABLE,LOCALLY_REPELLING,GAMMA_GT_2,EMPIRICAL_ONLY,THEOREM_PLUS_EMPIRICAL_ESTIMATE,ROBUST_UNDER_95_INTERVAL,True,True,GRID
GAUSSIAN_CUSUM_FROZEN,Gaussian two-sided CUSUM,CUSUM,1,5,0.25,10.226363970189938,,0.03523707485898826,10.157300572545779,10.295427367834098,-2.3065909925474846,2.3065909925474846,2.2893251431364448,2.3238568419585244,LOCALLY-UNSTABLE,LOCALLY_REPELLING,GAMMA_GT_2,EMPIRICAL_ONLY,THEOREM_PLUS_EMPIRICAL_ESTIMATE,ROBUST_UNDER_95_INTERVAL,True,True,GRID
GAUSSIAN_CUSUM_FROZEN,Gaussian two-sided CUSUM,CUSUM,1,5,0.4,10.226363970189938,,0.03523707485898826,10.157300572545779,10.295427367834098,-3.6905455880759757,3.6905455880759757,3.6629202290183116,3.7181709471336393,LOCALLY-UNSTABLE,LOCALLY_REPELLING,GAMMA_GT_2,EMPIRICAL_ONLY,THEOREM_PLUS_EMPIRICAL_ESTIMATE,ROBUST_UNDER_95_INTERVAL,True,True,GRID
GAUSSIAN_CUSUM_FROZEN,Gaussian two-sided CUSUM,CUSUM,1,5,0.6,10.226363970189938,,0.03523707485898826,10.157300572545779,10.295427367834098,-5.535818382113963,5.535818382113963,5.494380343527467,5.577256420700459,LOCALLY-UNSTABLE,LOCALLY_REPELLING,GAMMA_GT_2,EMPIRICAL_ONLY,THEOREM_PLUS_EMPIRICAL_ESTIMATE,ROBUST_UNDER_95_INTERVAL,True,True,GRID
GAUSSIAN_CUSUM_FROZEN,Gaussian two-sided CUSUM,CUSUM,1,5,0.8,10.226363970189938,,0.03523707485898826,10.157300572545779,10.295427367834098,-7.381091176151951,7.381091176151951,7.325840458036623,7.4363418942672785,LOCALLY-UNSTABLE,LOCALLY_REPELLING,GAMMA_GT_2,EMPIRICAL_ONLY,THEOREM_PLUS_EMPIRICAL_ESTIMATE,ROBUST_UNDER_95_INTERVAL,True,True,GRID
GAUSSIAN_CUSUM_FROZEN,Gaussian two-sided CUSUM,CUSUM,1,5,1.0,10.226363970189938,,0.03523707485898826,10.157300572545779,10.295427367834098,-9.226363970189938,9.226363970189938,9.157300572545779,9.295427367834098,LOCALLY-UNSTABLE,LOCALLY_REPELLING,GAMMA_GT_2,EMPIRICAL_ONLY,THEOREM_PLUS_EMPIRICAL_ESTIMATE,ROBUST_UNDER_95_INTERVAL,True,True,GRID
GAUSSIAN_SR_FROZEN,reset symmetric two-chart Shiryaev-Roberts,SR,2,1,0.0,17.453570692218783,,0.0658806908185833,17.32444691093774,17.582694473499824,-0.0,0.0,0.0,0.0,LOCALLY-STABLE,LOCALLY_ATTRACTING,GAMMA_GT_2,EMPIRICAL_ONLY,THEOREM_PLUS_EMPIRICAL_ESTIMATE,ROBUST_UNDER_95_INTERVAL,True,True,GRID
GAUSSIAN_SR_FROZEN,reset symmetric two-chart Shiryaev-Roberts,SR,2,1,0.01,17.453570692218783,,0.0658806908185833,17.32444691093774,17.582694473499824,-0.16453570692218783,0.16453570692218783,0.16324446910937743,0.16582694473499823,LOCALLY-STABLE,LOCALLY_ATTRACTING,GAMMA_GT_2,EMPIRICAL_ONLY,THEOREM_PLUS_EMPIRICAL_ESTIMATE,ROBUST_UNDER_95_INTERVAL,True,True,GRID
GAUSSIAN_SR_FROZEN,reset symmetric two-chart Shiryaev-Roberts,SR,2,1,0.02,17.453570692218783,,0.0658806908185833,17.32444691093774,17.582694473499824,-0.32907141384437566,0.32907141384437566,0.32648893821875485,0.33165388946999647,LOCALLY-STABLE,LOCALLY_ATTRACTING,GAMMA_GT_2,EMPIRICAL_ONLY,THEOREM_PLUS_EMPIRICAL_ESTIMATE,ROBUST_UNDER_95_INTERVAL,True,True,GRID
GAUSSIAN_SR_FROZEN,reset symmetric two-chart Shiryaev-Roberts,SR,2,1,0.03,17.453570692218783,,0.0658806908185833,17.32444691093774,17.582694473499824,-0.4936071207665635,0.4936071207665635,0.4897334073281322,0.4974808342049947,LOCALLY-STABLE,LOCALLY_ATTRACTING,GAMMA_GT_2,EMPIRICAL_ONLY,THEOREM_PLUS_EMPIRICAL_ESTIMATE,ROBUST_UNDER_95_INTERVAL,True,True,GRID
GAUSSIAN_SR_FROZEN,reset symmetric two-chart Shiryaev-Roberts,SR,2,1,0.04,17.453570692218783,,0.0658806908185833,17.32444691093774,17.582694473499824,-0.6581428276887513,0.6581428276887513,0.6529778764375097,0.6633077789399929,LOCALLY-STABLE,LOCALLY_ATTRACTING,GAMMA_GT_2,EMPIRICAL_ONLY,THEOREM_PLUS_EMPIRICAL_ESTIMATE,ROBUST_UNDER_95_INTERVAL,True,True,GRID
GAUSSIAN_SR_FROZEN,reset symmetric two-chart Shiryaev-Roberts,SR,2,1,0.05,17.453570692218783,,0.0658806908185833,17.32444691093774,17.582694473499824,-0.8226785346109392,0.8226785346109392,0.8162223455468871,0.8291347236749913,LOCALLY-STABLE,LOCALLY_ATTRACTING,GAMMA_GT_2,EMPIRICAL_ONLY,THEOREM_PLUS_EMPIRICAL_ESTIMATE,ROBUST_UNDER_95_INTERVAL,True,True,GRID
GAUSSIAN_SR_FROZEN,reset symmetric two-chart Shiryaev-Roberts,SR,2,1,0.06,17.453570692218783,,0.0658806908185833,17.32444691093774,17.582694473499824,-0.987214241533127,0.987214241533127,0.9794668146562644,0.9949616684099895,LOCALLY-STABLE,LOCALLY_ATTRACTING,GAMMA_GT_2,EMPIRICAL_ONLY,THEOREM_PLUS_EMPIRICAL_ESTIMATE,ROBUST_UNDER_95_INTERVAL,True,True,GRID
GAUSSIAN_SR_FROZEN,reset symmetric two-chart Shiryaev-Roberts,SR,2,1,0.07,17.453570692218783,,0.0658806908185833,17.32444691093774,17.582694473499824,-1.1517499484553149,1.1517499484553149,1.142711283765642,1.1607886131449878,LOCALLY-UNSTABLE,LOCALLY_REPELLING,GAMMA_GT_2,EMPIRICAL_ONLY,THEOREM_PLUS_EMPIRICAL_ESTIMATE,ROBUST_UNDER_95_INTERVAL,True,True,GRID
GAUSSIAN_SR_FROZEN,reset symmetric two-chart Shiryaev-Roberts,SR,2,1,0.08,17.453570692218783,,0.0658806908185833,17.32444691093774,17.582694473499824,-1.3162856553775026,1.3162856553775026,1.3059557528750194,1.3266155578799859,LOCALLY-UNSTABLE,LOCALLY_REPELLING,GAMMA_GT_2,EMPIRICAL_ONLY,THEOREM_PLUS_EMPIRICAL_ESTIMATE,ROBUST_UNDER_95_INTERVAL,True,True,GRID
GAUSSIAN_SR_FROZEN,reset symmetric two-chart Shiryaev-Roberts,SR,2,1,0.09,17.453570692218783,,0.0658806908185833,17.32444691093774,17.582694473499824,-1.4808213622996904,1.4808213622996904,1.4692002219843967,1.4924425026149841,LOCALLY-UNSTABLE,LOCALLY_REPELLING,GAMMA_GT_2,EMPIRICAL_ONLY,THEOREM_PLUS_EMPIRICAL_ESTIMATE,ROBUST_UNDER_95_INTERVAL,True,True,GRID
GAUSSIAN_SR_FROZEN,reset symmetric two-chart Shiryaev-Roberts,SR,2,1,0.1,17.453570692218783,,0.0658806908185833,17.32444691093774,17.582694473499824,-1.6453570692218784,1.6453570692218784,1.6324446910937742,1.6582694473499826,LOCALLY-UNSTABLE,LOCALLY_REPELLING,GAMMA_GT_2,EMPIRICAL_ONLY,THEOREM_PLUS_EMPIRICAL_ESTIMATE,ROBUST_UNDER_95_INTERVAL,True,True,GRID
GAUSSIAN_SR_FROZEN,reset symmetric two-chart Shiryaev-Roberts,SR,2,1,0.12,17.453570692218783,,0.0658806908185833,17.32444691093774,17.582694473499824,-1.974428483066254,1.974428483066254,1.9589336293125288,1.989923336819979,LOCALLY-UNSTABLE,LOCALLY_REPELLING,GAMMA_GT_2,EMPIRICAL_ONLY,THEOREM_PLUS_EMPIRICAL_ESTIMATE,ROBUST_UNDER_95_INTERVAL,True,True,GRID
GAUSSIAN_SR_FROZEN,reset symmetric two-chart Shiryaev-Roberts,SR,2,1,0.15,17.453570692218783,,0.0658806908185833,17.32444691093774,17.582694473499824,-2.4680356038328175,2.4680356038328175,2.448667036640661,2.4874041710249735,LOCALLY-UNSTABLE,LOCALLY_REPELLING,GAMMA_GT_2,EMPIRICAL_ONLY,THEOREM_PLUS_EMPIRICAL_ESTIMATE,ROBUST_UNDER_95_INTERVAL,True,True,GRID
GAUSSIAN_SR_FROZEN,reset symmetric two-chart Shiryaev-Roberts,SR,2,1,0.2,17.453570692218783,,0.0658806908185833,17.32444691093774,17.582694473499824,-3.290714138443757,3.290714138443757,3.2648893821875484,3.316538894699965,LOCALLY-UNSTABLE,LOCALLY_REPELLING,GAMMA_GT_2,EMPIRICAL_ONLY,THEOREM_PLUS_EMPIRICAL_ESTIMATE,ROBUST_UNDER_95_INTERVAL,True,True,GRID
GAUSSIAN_SR_FROZEN,reset symmetric two-chart Shiryaev-Roberts,SR,2,1,0.25,17.453570692218783,,0.0658806908185833,17.32444691093774,17.582694473499824,-4.113392673054696,4.113392673054696,4.081111727734435,4.145673618374956,LOCALLY-UNSTABLE,LOCALLY_REPELLING,GAMMA_GT_2,EMPIRICAL_ONLY,THEOREM_PLUS_EMPIRICAL_ESTIMATE,ROBUST_UNDER_95_INTERVAL,True,True,GRID
GAUSSIAN_SR_FROZEN,reset symmetric two-chart Shiryaev-Roberts,SR,2,1,0.4,17.453570692218783,,0.0658806908185833,17.32444691093774,17.582694473499824,-6.581428276887514,6.581428276887514,6.529778764375097,6.63307778939993,LOCALLY-UNSTABLE,LOCALLY_REPELLING,GAMMA_GT_2,EMPIRICAL_ONLY,THEOREM_PLUS_EMPIRICAL_ESTIMATE,ROBUST_UNDER_95_INTERVAL,True,True,GRID
GAUSSIAN_SR_FROZEN,reset symmetric two-chart Shiryaev-Roberts,SR,2,1,0.6,17.453570692218783,,0.0658806908185833,17.32444691093774,17.582694473499824,-9.87214241533127,9.87214241533127,9.794668146562644,9.949616684099894,LOCALLY-UNSTABLE,LOCALLY_REPELLING,GAMMA_GT_2,EMPIRICAL_ONLY,THEOREM_PLUS_EMPIRICAL_ESTIMATE,ROBUST_UNDER_95_INTERVAL,True,True,GRID
GAUSSIAN_SR_FROZEN,reset symmetric two-chart Shiryaev-Roberts,SR,2,1,0.8,17.453570692218783,,0.0658806908185833,17.32444691093774,17.582694473499824,-13.162856553775027,13.162856553775027,13.059557528750194,13.26615557879986,LOCALLY-UNSTABLE,LOCALLY_REPELLING,GAMMA_GT_2,EMPIRICAL_ONLY,THEOREM_PLUS_EMPIRICAL_ESTIMATE,ROBUST_UNDER_95_INTERVAL,True,True,GRID
GAUSSIAN_SR_FROZEN,reset symmetric two-chart Shiryaev-Roberts,SR,2,1,1.0,17.453570692218783,,0.0658806908185833,17.32444691093774,17.582694473499824,-16.453570692218783,16.453570692218783,16.32444691093774,16.582694473499824,LOCALLY-UNSTABLE,LOCALLY_REPELLING,GAMMA_GT_2,EMPIRICAL_ONLY,THEOREM_PLUS_EMPIRICAL_ESTIMATE,ROBUST_UNDER_95_INTERVAL,True,True,GRID
GAUSSIAN_SR_FROZEN,reset symmetric two-chart Shiryaev-Roberts,SR,2,2,0.0,14.500509744311637,,0.05672486214775936,14.38933105747403,14.611688431149245,-0.0,0.0,0.0,0.0,LOCALLY-STABLE,LOCALLY_ATTRACTING,GAMMA_GT_2,EMPIRICAL_ONLY,THEOREM_PLUS_EMPIRICAL_ESTIMATE,ROBUST_UNDER_95_INTERVAL,True,True,GRID
GAUSSIAN_SR_FROZEN,reset symmetric two-chart Shiryaev-Roberts,SR,2,2,0.01,14.500509744311637,,0.05672486214775936,14.38933105747403,14.611688431149245,-0.13500509744311637,0.13500509744311637,0.1338933105747403,0.13611688431149246,LOCALLY-STABLE,LOCALLY_ATTRACTING,GAMMA_GT_2,EMPIRICAL_ONLY,THEOREM_PLUS_EMPIRICAL_ESTIMATE,ROBUST_UNDER_95_INTERVAL,True,True,GRID
GAUSSIAN_SR_FROZEN,reset symmetric two-chart Shiryaev-Roberts,SR,2,2,0.02,14.500509744311637,,0.05672486214775936,14.38933105747403,14.611688431149245,-0.27001019488623274,0.27001019488623274,0.2677866211494806,0.27223376862298493,LOCALLY-STABLE,LOCALLY_ATTRACTING,GAMMA_GT_2,EMPIRICAL_ONLY,THEOREM_PLUS_EMPIRICAL_ESTIMATE,ROBUST_UNDER_95_INTERVAL,True,True,GRID
GAUSSIAN_SR_FROZEN,reset symmetric two-chart Shiryaev-Roberts,SR,2,2,0.03,14.500509744311637,,0.05672486214775936,14.38933105747403,14.611688431149245,-0.40501529232934913,0.40501529232934913,0.40167993172422084,0.40835065293447737,LOCALLY-STABLE,LOCALLY_ATTRACTING,GAMMA_GT_2,EMPIRICAL_ONLY,THEOREM_PLUS_EMPIRICAL_ESTIMATE,ROBUST_UNDER_95_INTERVAL,True,True,GRID
GAUSSIAN_SR_FROZEN,reset symmetric two-chart Shiryaev-Roberts,SR,2,2,0.04,14.500509744311637,,0.05672486214775936,14.38933105747403,14.611688431149245,-0.5400203897724655,0.5400203897724655,0.5355732422989612,0.5444675372459699,LOCALLY-STABLE,LOCALLY_ATTRACTING,GAMMA_GT_2,EMPIRICAL_ONLY,THEOREM_PLUS_EMPIRICAL_ESTIMATE,ROBUST_UNDER_95_INTERVAL,True,True,GRID
GAUSSIAN_SR_FROZEN,reset symmetric two-chart Shiryaev-Roberts,SR,2,2,0.05,14.500509744311637,,0.05672486214775936,14.38933105747403,14.611688431149245,-0.6750254872155819,0.6750254872155819,0.6694665528737015,0.6805844215574623,LOCALLY-STABLE,LOCALLY_ATTRACTING,GAMMA_GT_2,EMPIRICAL_ONLY,THEOREM_PLUS_EMPIRICAL_ESTIMATE,ROBUST_UNDER_95_INTERVAL,True,True,GRID
GAUSSIAN_SR_FROZEN,reset symmetric two-chart Shiryaev-Roberts,SR,2,2,0.06,14.500509744311637,,0.05672486214775936,14.38933105747403,14.611688431149245,-0.8100305846586983,0.8100305846586983,0.8033598634484417,0.8167013058689547,LOCALLY-STABLE,LOCALLY_ATTRACTING,GAMMA_GT_2,EMPIRICAL_ONLY,THEOREM_PLUS_EMPIRICAL_ESTIMATE,ROBUST_UNDER_95_INTERVAL,True,True,GRID
GAUSSIAN_SR_FROZEN,reset symmetric two-chart Shiryaev-Roberts,SR,2,2,0.07,14.500509744311637,,0.05672486214775936,14.38933105747403,14.611688431149245,-0.9450356821018147,0.9450356821018147,0.9372531740231822,0.9528181901804472,LOCALLY-STABLE,LOCALLY_ATTRACTING,GAMMA_GT_2,EMPIRICAL_ONLY,THEOREM_PLUS_EMPIRICAL_ESTIMATE,ROBUST_UNDER_95_INTERVAL,True,True,GRID
GAUSSIAN_SR_FROZEN,reset symmetric two-chart Shiryaev-Roberts,SR,2,2,0.08,14.500509744311637,,0.05672486214775936,14.38933105747403,14.611688431149245,-1.080040779544931,1.080040779544931,1.0711464845979224,1.0889350744919397,LOCALLY-UNSTABLE,LOCALLY_REPELLING,GAMMA_GT_2,EMPIRICAL_ONLY,THEOREM_PLUS_EMPIRICAL_ESTIMATE,ROBUST_UNDER_95_INTERVAL,True,True,GRID
GAUSSIAN_SR_FROZEN,reset symmetric two-chart Shiryaev-Roberts,SR,2,2,0.09,14.500509744311637,,0.05672486214775936,14.38933105747403,14.611688431149245,-1.2150458769880472,1.2150458769880472,1.2050397951726626,1.225051958803432,LOCALLY-UNSTABLE,LOCALLY_REPELLING,GAMMA_GT_2,EMPIRICAL_ONLY,THEOREM_PLUS_EMPIRICAL_ESTIMATE,ROBUST_UNDER_95_INTERVAL,True,True,GRID
GAUSSIAN_SR_FROZEN,reset symmetric two-chart Shiryaev-Roberts,SR,2,2,0.1,14.500509744311637,,0.05672486214775936,14.38933105747403,14.611688431149245,-1.3500509744311637,1.3500509744311637,1.338933105747403,1.3611688431149247,LOCALLY-UNSTABLE,LOCALLY_REPELLING,GAMMA_GT_2,EMPIRICAL_ONLY,THEOREM_PLUS_EMPIRICAL_ESTIMATE,ROBUST_UNDER_95_INTERVAL,True,True,GRID
GAUSSIAN_SR_FROZEN,reset symmetric two-chart Shiryaev-Roberts,SR,2,2,0.12,14.500509744311637,,0.05672486214775936,14.38933105747403,14.611688431149245,-1.6200611693173965,1.6200611693173965,1.6067197268968834,1.6334026117379095,LOCALLY-UNSTABLE,LOCALLY_REPELLING,GAMMA_GT_2,EMPIRICAL_ONLY,THEOREM_PLUS_EMPIRICAL_ESTIMATE,ROBUST_UNDER_95_INTERVAL,True,True,GRID
GAUSSIAN_SR_FROZEN,reset symmetric two-chart Shiryaev-Roberts,SR,2,2,0.15,14.500509744311637,,0.05672486214775936,14.38933105747403,14.611688431149245,-2.0250764616467456,2.0250764616467456,2.008399658621104,2.0417532646723866,LOCALLY-UNSTABLE,LOCALLY_REPELLING,GAMMA_GT_2,EMPIRICAL_ONLY,THEOREM_PLUS_EMPIRICAL_ESTIMATE,ROBUST_UNDER_95_INTERVAL,True,True,GRID
GAUSSIAN_SR_FROZEN,reset symmetric two-chart Shiryaev-Roberts,SR,2,2,0.2,14.500509744311637,,0.05672486214775936,14.38933105747403,14.611688431149245,-2.7001019488623275,2.7001019488623275,2.677866211494806,2.7223376862298494,LOCALLY-UNSTABLE,LOCALLY_REPELLING,GAMMA_GT_2,EMPIRICAL_ONLY,THEOREM_PLUS_EMPIRICAL_ESTIMATE,ROBUST_UNDER_95_INTERVAL,True,True,GRID
GAUSSIAN_SR_FROZEN,reset symmetric two-chart Shiryaev-Roberts,SR,2,2,0.25,14.500509744311637,,0.05672486214775936,14.38933105747403,14.611688431149245,-3.3751274360779093,3.3751274360779093,3.3473327643685074,3.4029221077873113,LOCALLY-UNSTABLE,LOCALLY_REPELLING,GAMMA_GT_2,EMPIRICAL_ONLY,THEOREM_PLUS_EMPIRICAL_ESTIMATE,ROBUST_UNDER_95_INTERVAL,True,True,GRID
GAUSSIAN_SR_FROZEN,reset symmetric two-chart Shiryaev-Roberts,SR,2,2,0.4,14.500509744311637,,0.05672486214775936,14.38933105747403,14.611688431149245,-5.400203897724655,5.400203897724655,5.355732422989612,5.444675372459699,LOCALLY-UNSTABLE,LOCALLY_REPELLING,GAMMA_GT_2,EMPIRICAL_ONLY,THEOREM_PLUS_EMPIRICAL_ESTIMATE,ROBUST_UNDER_95_INTERVAL,True,True,GRID
GAUSSIAN_SR_FROZEN,reset symmetric two-chart Shiryaev-Roberts,SR,2,2,0.6,14.500509744311637,,0.05672486214775936,14.38933105747403,14.611688431149245,-8.100305846586982,8.100305846586982,8.033598634484417,8.167013058689546,LOCALLY-UNSTABLE,LOCALLY_REPELLING,GAMMA_GT_2,EMPIRICAL_ONLY,THEOREM_PLUS_EMPIRICAL_ESTIMATE,ROBUST_UNDER_95_INTERVAL,True,True,GRID
GAUSSIAN_SR_FROZEN,reset symmetric two-chart Shiryaev-Roberts,SR,2,2,0.8,14.500509744311637,,0.05672486214775936,14.38933105747403,14.611688431149245,-10.80040779544931,10.80040779544931,10.711464845979224,10.889350744919398,LOCALLY-UNSTABLE,LOCALLY_REPELLING,GAMMA_GT_2,EMPIRICAL_ONLY,THEOREM_PLUS_EMPIRICAL_ESTIMATE,ROBUST_UNDER_95_INTERVAL,True,True,GRID
GAUSSIAN_SR_FROZEN,reset symmetric two-chart Shiryaev-Roberts,SR,2,2,1.0,14.500509744311637,,0.05672486214775936,14.38933105747403,14.611688431149245,-13.500509744311637,13.500509744311637,13.38933105747403,13.611688431149245,LOCALLY-UNSTABLE,LOCALLY_REPELLING,GAMMA_GT_2,EMPIRICAL_ONLY,THEOREM_PLUS_EMPIRICAL_ESTIMATE,ROBUST_UNDER_95_INTERVAL,True,True,GRID
GAUSSIAN_SR_FROZEN,reset symmetric two-chart Shiryaev-Roberts,SR,2,3,0.0,12.972654633634319,,0.049010542760713774,12.87659573496056,13.068713532308077,-0.0,0.0,0.0,0.0,LOCALLY-STABLE,LOCALLY_ATTRACTING,GAMMA_GT_2,EMPIRICAL_ONLY,THEOREM_PLUS_EMPIRICAL_ESTIMATE,ROBUST_UNDER_95_INTERVAL,True,True,GRID
GAUSSIAN_SR_FROZEN,reset symmetric two-chart Shiryaev-Roberts,SR,2,3,0.01,12.972654633634319,,0.049010542760713774,12.87659573496056,13.068713532308077,-0.11972654633634319,0.11972654633634319,0.1187659573496056,0.12068713532308077,LOCALLY-STABLE,LOCALLY_ATTRACTING,GAMMA_GT_2,EMPIRICAL_ONLY,THEOREM_PLUS_EMPIRICAL_ESTIMATE,ROBUST_UNDER_95_INTERVAL,True,True,GRID
GAUSSIAN_SR_FROZEN,reset symmetric two-chart Shiryaev-Roberts,SR,2,3,0.02,12.972654633634319,,0.049010542760713774,12.87659573496056,13.068713532308077,-0.23945309267268639,0.23945309267268639,0.2375319146992112,0.24137427064616154,LOCALLY-STABLE,LOCALLY_ATTRACTING,GAMMA_GT_2,EMPIRICAL_ONLY,THEOREM_PLUS_EMPIRICAL_ESTIMATE,ROBUST_UNDER_95_INTERVAL,True,True,GRID
GAUSSIAN_SR_FROZEN,reset symmetric two-chart Shiryaev-Roberts,SR,2,3,0.03,12.972654633634319,,0.049010542760713774,12.87659573496056,13.068713532308077,-0.35917963900902955,0.35917963900902955,0.3562978720488168,0.3620614059692423,LOCALLY-STABLE,LOCALLY_ATTRACTING,GAMMA_GT_2,EMPIRICAL_ONLY,THEOREM_PLUS_EMPIRICAL_ESTIMATE,ROBUST_UNDER_95_INTERVAL,True,True,GRID
GAUSSIAN_SR_FROZEN,reset symmetric two-chart Shiryaev-Roberts,SR,2,3,0.04,12.972654633634319,,0.049010542760713774,12.87659573496056,13.068713532308077,-0.47890618534537277,0.47890618534537277,0.4750638293984224,0.4827485412923231,LOCALLY-STABLE,LOCALLY_ATTRACTING,GAMMA_GT_2,EMPIRICAL_ONLY,THEOREM_PLUS_EMPIRICAL_ESTIMATE,ROBUST_UNDER_95_INTERVAL,True,True,GRID
GAUSSIAN_SR_FROZEN,reset symmetric two-chart Shiryaev-Roberts,SR,2,3,0.05,12.972654633634319,,0.049010542760713774,12.87659573496056,13.068713532308077,-0.5986327316817159,0.5986327316817159,0.593829786748028,0.6034356766154039,LOCALLY-STABLE,LOCALLY_ATTRACTING,GAMMA_GT_2,EMPIRICAL_ONLY,THEOREM_PLUS_EMPIRICAL_ESTIMATE,ROBUST_UNDER_95_INTERVAL,True,True,GRID
GAUSSIAN_SR_FROZEN,reset symmetric two-chart Shiryaev-Roberts,SR,2,3,0.06,12.972654633634319,,0.049010542760713774,12.87659573496056,13.068713532308077,-0.7183592780180591,0.7183592780180591,0.7125957440976336,0.7241228119384846,LOCALLY-STABLE,LOCALLY_ATTRACTING,GAMMA_GT_2,EMPIRICAL_ONLY,THEOREM_PLUS_EMPIRICAL_ESTIMATE,ROBUST_UNDER_95_INTERVAL,True,True,GRID
GAUSSIAN_SR_FROZEN,reset symmetric two-chart Shiryaev-Roberts,SR,2,3,0.07,12.972654633634319,,0.049010542760713774,12.87659573496056,13.068713532308077,-0.8380858243544024,0.8380858243544024,0.8313617014472393,0.8448099472615656,LOCALLY-STABLE,LOCALLY_ATTRACTING,GAMMA_GT_2,EMPIRICAL_ONLY,THEOREM_PLUS_EMPIRICAL_ESTIMATE,ROBUST_UNDER_95_INTERVAL,True,True,GRID
GAUSSIAN_SR_FROZEN,reset symmetric two-chart Shiryaev-Roberts,SR,2,3,0.08,12.972654633634319,,0.049010542760713774,12.87659573496056,13.068713532308077,-0.9578123706907455,0.9578123706907455,0.9501276587968448,0.9654970825846462,LOCALLY-STABLE,LOCALLY_ATTRACTING,GAMMA_GT_2,EMPIRICAL_ONLY,THEOREM_PLUS_EMPIRICAL_ESTIMATE,ROBUST_UNDER_95_INTERVAL,True,True,GRID
GAUSSIAN_SR_FROZEN,reset symmetric two-chart Shiryaev-Roberts,SR,2,3,0.09,12.972654633634319,,0.049010542760713774,12.87659573496056,13.068713532308077,-1.0775389170270886,1.0775389170270886,1.0688936161464504,1.086184217907727,LOCALLY-UNSTABLE,LOCALLY_REPELLING,GAMMA_GT_2,EMPIRICAL_ONLY,THEOREM_PLUS_EMPIRICAL_ESTIMATE,ROBUST_UNDER_95_INTERVAL,True,True,GRID
GAUSSIAN_SR_FROZEN,reset symmetric two-chart Shiryaev-Roberts,SR,2,3,0.1,12.972654633634319,,0.049010542760713774,12.87659573496056,13.068713532308077,-1.1972654633634319,1.1972654633634319,1.187659573496056,1.2068713532308077,LOCALLY-UNSTABLE,LOCALLY_REPELLING,GAMMA_GT_2,EMPIRICAL_ONLY,THEOREM_PLUS_EMPIRICAL_ESTIMATE,ROBUST_UNDER_95_INTERVAL,True,True,GRID
GAUSSIAN_SR_FROZEN,reset symmetric two-chart Shiryaev-Roberts,SR,2,3,0.12,12.972654633634319,,0.049010542760713774,12.87659573496056,13.068713532308077,-1.4367185560361182,1.4367185560361182,1.4251914881952672,1.4482456238769692,LOCALLY-UNSTABLE,LOCALLY_REPELLING,GAMMA_GT_2,EMPIRICAL_ONLY,THEOREM_PLUS_EMPIRICAL_ESTIMATE,ROBUST_UNDER_95_INTERVAL,True,True,GRID
GAUSSIAN_SR_FROZEN,reset symmetric two-chart Shiryaev-Roberts,SR,2,3,0.15,12.972654633634319,,0.049010542760713774,12.87659573496056,13.068713532308077,-1.7958981950451478,1.7958981950451478,1.781489360244084,1.8103070298462116,LOCALLY-UNSTABLE,LOCALLY_REPELLING,GAMMA_GT_2,EMPIRICAL_ONLY,THEOREM_PLUS_EMPIRICAL_ESTIMATE,ROBUST_UNDER_95_INTERVAL,True,True,GRID
GAUSSIAN_SR_FROZEN,reset symmetric two-chart Shiryaev-Roberts,SR,2,3,0.2,12.972654633634319,,0.049010542760713774,12.87659573496056,13.068713532308077,-2.3945309267268637,2.3945309267268637,2.375319146992112,2.4137427064616155,LOCALLY-UNSTABLE,LOCALLY_REPELLING,GAMMA_GT_2,EMPIRICAL_ONLY,THEOREM_PLUS_EMPIRICAL_ESTIMATE,ROBUST_UNDER_95_INTERVAL,True,True,GRID
GAUSSIAN_SR_FROZEN,reset symmetric two-chart Shiryaev-Roberts,SR,2,3,0.25,12.972654633634319,,0.049010542760713774,12.87659573496056,13.068713532308077,-2.9931636584085797,2.9931636584085797,2.96914893374014,3.0171783830770194,LOCALLY-UNSTABLE,LOCALLY_REPELLING,GAMMA_GT_2,EMPIRICAL_ONLY,THEOREM_PLUS_EMPIRICAL_ESTIMATE,ROBUST_UNDER_95_INTERVAL,True,True,GRID
GAUSSIAN_SR_FROZEN,reset symmetric two-chart Shiryaev-Roberts,SR,2,3,0.4,12.972654633634319,,0.049010542760713774,12.87659573496056,13.068713532308077,-4.7890618534537275,4.7890618534537275,4.750638293984224,4.827485412923231,LOCALLY-UNSTABLE,LOCALLY_REPELLING,GAMMA_GT_2,EMPIRICAL_ONLY,THEOREM_PLUS_EMPIRICAL_ESTIMATE,ROBUST_UNDER_95_INTERVAL,True,True,GRID
GAUSSIAN_SR_FROZEN,reset symmetric two-chart Shiryaev-Roberts,SR,2,3,0.6,12.972654633634319,,0.049010542760713774,12.87659573496056,13.068713532308077,-7.183592780180591,7.183592780180591,7.125957440976336,7.2412281193848465,LOCALLY-UNSTABLE,LOCALLY_REPELLING,GAMMA_GT_2,EMPIRICAL_ONLY,THEOREM_PLUS_EMPIRICAL_ESTIMATE,ROBUST_UNDER_95_INTERVAL,True,True,GRID
GAUSSIAN_SR_FROZEN,reset symmetric two-chart Shiryaev-Roberts,SR,2,3,0.8,12.972654633634319,,0.049010542760713774,12.87659573496056,13.068713532308077,-9.578123706907455,9.578123706907455,9.501276587968448,9.654970825846462,LOCALLY-UNSTABLE,LOCALLY_REPELLING,GAMMA_GT_2,EMPIRICAL_ONLY,THEOREM_PLUS_EMPIRICAL_ESTIMATE,ROBUST_UNDER_95_INTERVAL,True,True,GRID
GAUSSIAN_SR_FROZEN,reset symmetric two-chart Shiryaev-Roberts,SR,2,3,1.0,12.972654633634319,,0.049010542760713774,12.87659573496056,13.068713532308077,-11.972654633634319,11.972654633634319,11.87659573496056,12.068713532308077,LOCALLY-UNSTABLE,LOCALLY_REPELLING,GAMMA_GT_2,EMPIRICAL_ONLY,THEOREM_PLUS_EMPIRICAL_ESTIMATE,ROBUST_UNDER_95_INTERVAL,True,True,GRID
GAUSSIAN_SR_FROZEN,reset symmetric two-chart Shiryaev-Roberts,SR,2,5,0.0,11.04852607349784,,0.04104653234838718,10.968076348404743,11.128975798590936,-0.0,0.0,0.0,0.0,LOCALLY-STABLE,LOCALLY_ATTRACTING,GAMMA_GT_2,EMPIRICAL_ONLY,THEOREM_PLUS_EMPIRICAL_ESTIMATE,ROBUST_UNDER_95_INTERVAL,True,True,GRID
GAUSSIAN_SR_FROZEN,reset symmetric two-chart Shiryaev-Roberts,SR,2,5,0.01,11.04852607349784,,0.04104653234838718,10.968076348404743,11.128975798590936,-0.1004852607349784,0.1004852607349784,0.09968076348404743,0.10128975798590936,LOCALLY-STABLE,LOCALLY_ATTRACTING,GAMMA_GT_2,EMPIRICAL_ONLY,THEOREM_PLUS_EMPIRICAL_ESTIMATE,ROBUST_UNDER_95_INTERVAL,True,True,GRID
GAUSSIAN_SR_FROZEN,reset symmetric two-chart Shiryaev-Roberts,SR,2,5,0.02,11.04852607349784,,0.04104653234838718,10.968076348404743,11.128975798590936,-0.2009705214699568,0.2009705214699568,0.19936152696809487,0.20257951597181872,LOCALLY-STABLE,LOCALLY_ATTRACTING,GAMMA_GT_2,EMPIRICAL_ONLY,THEOREM_PLUS_EMPIRICAL_ESTIMATE,ROBUST_UNDER_95_INTERVAL,True,True,GRID
GAUSSIAN_SR_FROZEN,reset symmetric two-chart Shiryaev-Roberts,SR,2,5,0.03,11.04852607349784,,0.04104653234838718,10.968076348404743,11.128975798590936,-0.3014557822049352,0.3014557822049352,0.2990422904521423,0.30386927395772806,LOCALLY-STABLE,LOCALLY_ATTRACTING,GAMMA_GT_2,EMPIRICAL_ONLY,THEOREM_PLUS_EMPIRICAL_ESTIMATE,ROBUST_UNDER_95_INTERVAL,True,True,GRID
GAUSSIAN_SR_FROZEN,reset symmetric two-chart Shiryaev-Roberts,SR,2,5,0.04,11.04852607349784,,0.04104653234838718,10.968076348404743,11.128975798590936,-0.4019410429399136,0.4019410429399136,0.39872305393618973,0.40515903194363745,LOCALLY-STABLE,LOCALLY_ATTRACTING,GAMMA_GT_2,EMPIRICAL_ONLY,THEOREM_PLUS_EMPIRICAL_ESTIMATE,ROBUST_UNDER_95_INTERVAL,True,True,GRID
GAUSSIAN_SR_FROZEN,reset symmetric two-chart Shiryaev-Roberts,SR,2,5,0.05,11.04852607349784,,0.04104653234838718,10.968076348404743,11.128975798590936,-0.502426303674892,0.502426303674892,0.4984038174202372,0.5064487899295468,LOCALLY-STABLE,LOCALLY_ATTRACTING,GAMMA_GT_2,EMPIRICAL_ONLY,THEOREM_PLUS_EMPIRICAL_ESTIMATE,ROBUST_UNDER_95_INTERVAL,True,True,GRID
GAUSSIAN_SR_FROZEN,reset symmetric two-chart Shiryaev-Roberts,SR,2,5,0.06,11.04852607349784,,0.04104653234838718,10.968076348404743,11.128975798590936,-0.6029115644098704,0.6029115644098704,0.5980845809042846,0.6077385479154561,LOCALLY-STABLE,LOCALLY_ATTRACTING,GAMMA_GT_2,EMPIRICAL_ONLY,THEOREM_PLUS_EMPIRICAL_ESTIMATE,ROBUST_UNDER_95_INTERVAL,True,True,GRID
GAUSSIAN_SR_FROZEN,reset symmetric two-chart Shiryaev-Roberts,SR,2,5,0.07,11.04852607349784,,0.04104653234838718,10.968076348404743,11.128975798590936,-0.7033968251448488,0.7033968251448488,0.697765344388332,0.7090283059013656,LOCALLY-STABLE,LOCALLY_ATTRACTING,GAMMA_GT_2,EMPIRICAL_ONLY,THEOREM_PLUS_EMPIRICAL_ESTIMATE,ROBUST_UNDER_95_INTERVAL,True,True,GRID
GAUSSIAN_SR_FROZEN,reset symmetric two-chart Shiryaev-Roberts,SR,2,5,0.08,11.04852607349784,,0.04104653234838718,10.968076348404743,11.128975798590936,-0.8038820858798272,0.8038820858798272,0.7974461078723795,0.8103180638872749,LOCALLY-STABLE,LOCALLY_ATTRACTING,GAMMA_GT_2,EMPIRICAL_ONLY,THEOREM_PLUS_EMPIRICAL_ESTIMATE,ROBUST_UNDER_95_INTERVAL,True,True,GRID
GAUSSIAN_SR_FROZEN,reset symmetric two-chart Shiryaev-Roberts,SR,2,5,0.09,11.04852607349784,,0.04104653234838718,10.968076348404743,11.128975798590936,-0.9043673466148056,0.9043673466148056,0.8971268713564269,0.9116078218731842,LOCALLY-STABLE,LOCALLY_ATTRACTING,GAMMA_GT_2,EMPIRICAL_ONLY,THEOREM_PLUS_EMPIRICAL_ESTIMATE,ROBUST_UNDER_95_INTERVAL,True,True,GRID
GAUSSIAN_SR_FROZEN,reset symmetric two-chart Shiryaev-Roberts,SR,2,5,0.1,11.04852607349784,,0.04104653234838718,10.968076348404743,11.128975798590936,-1.004852607349784,1.004852607349784,0.9968076348404744,1.0128975798590936,LOCALLY-UNSTABLE,LOCALLY_REPELLING,GAMMA_GT_2,EMPIRICAL_ONLY,INCONCLUSIVE,UNCERTAINTY_SENSITIVE_CROSSES_UNIT_MAGNITUDE,False,True,GRID
GAUSSIAN_SR_FROZEN,reset symmetric two-chart Shiryaev-Roberts,SR,2,5,0.12,11.04852607349784,,0.04104653234838718,10.968076348404743,11.128975798590936,-1.2058231288197407,1.2058231288197407,1.1961691618085692,1.2154770958309122,LOCALLY-UNSTABLE,LOCALLY_REPELLING,GAMMA_GT_2,EMPIRICAL_ONLY,THEOREM_PLUS_EMPIRICAL_ESTIMATE,ROBUST_UNDER_95_INTERVAL,True,True,GRID
GAUSSIAN_SR_FROZEN,reset symmetric two-chart Shiryaev-Roberts,SR,2,5,0.15,11.04852607349784,,0.04104653234838718,10.968076348404743,11.128975798590936,-1.5072789110246758,1.5072789110246758,1.4952114522607114,1.5193463697886405,LOCALLY-UNSTABLE,LOCALLY_REPELLING,GAMMA_GT_2,EMPIRICAL_ONLY,THEOREM_PLUS_EMPIRICAL_ESTIMATE,ROBUST_UNDER_95_INTERVAL,True,True,GRID
GAUSSIAN_SR_FROZEN,reset symmetric two-chart Shiryaev-Roberts,SR,2,5,0.2,11.04852607349784,,0.04104653234838718,10.968076348404743,11.128975798590936,-2.009705214699568,2.009705214699568,1.9936152696809488,2.025795159718187,LOCALLY-UNSTABLE,LOCALLY_REPELLING,GAMMA_GT_2,EMPIRICAL_ONLY,THEOREM_PLUS_EMPIRICAL_ESTIMATE,ROBUST_UNDER_95_INTERVAL,True,True,GRID
GAUSSIAN_SR_FROZEN,reset symmetric two-chart Shiryaev-Roberts,SR,2,5,0.25,11.04852607349784,,0.04104653234838718,10.968076348404743,11.128975798590936,-2.51213151837446,2.51213151837446,2.492019087101186,2.532243949647734,LOCALLY-UNSTABLE,LOCALLY_REPELLING,GAMMA_GT_2,EMPIRICAL_ONLY,THEOREM_PLUS_EMPIRICAL_ESTIMATE,ROBUST_UNDER_95_INTERVAL,True,True,GRID
GAUSSIAN_SR_FROZEN,reset symmetric two-chart Shiryaev-Roberts,SR,2,5,0.4,11.04852607349784,,0.04104653234838718,10.968076348404743,11.128975798590936,-4.019410429399136,4.019410429399136,3.9872305393618976,4.051590319436374,LOCALLY-UNSTABLE,LOCALLY_REPELLING,GAMMA_GT_2,EMPIRICAL_ONLY,THEOREM_PLUS_EMPIRICAL_ESTIMATE,ROBUST_UNDER_95_INTERVAL,True,True,GRID
GAUSSIAN_SR_FROZEN,reset symmetric two-chart Shiryaev-Roberts,SR,2,5,0.6,11.04852607349784,,0.04104653234838718,10.968076348404743,11.128975798590936,-6.029115644098703,6.029115644098703,5.980845809042846,6.077385479154562,LOCALLY-UNSTABLE,LOCALLY_REPELLING,GAMMA_GT_2,EMPIRICAL_ONLY,THEOREM_PLUS_EMPIRICAL_ESTIMATE,ROBUST_UNDER_95_INTERVAL,True,True,GRID
GAUSSIAN_SR_FROZEN,reset symmetric two-chart Shiryaev-Roberts,SR,2,5,0.8,11.04852607349784,,0.04104653234838718,10.968076348404743,11.128975798590936,-8.038820858798273,8.038820858798273,7.974461078723795,8.103180638872749,LOCALLY-UNSTABLE,LOCALLY_REPELLING,GAMMA_GT_2,EMPIRICAL_ONLY,THEOREM_PLUS_EMPIRICAL_ESTIMATE,ROBUST_UNDER_95_INTERVAL,True,True,GRID
GAUSSIAN_SR_FROZEN,reset symmetric two-chart Shiryaev-Roberts,SR,2,5,1.0,11.04852607349784,,0.04104653234838718,10.968076348404743,11.128975798590936,-10.04852607349784,10.04852607349784,9.968076348404743,10.128975798590936,LOCALLY-UNSTABLE,LOCALLY_REPELLING,GAMMA_GT_2,EMPIRICAL_ONLY,THEOREM_PLUS_EMPIRICAL_ESTIMATE,ROBUST_UNDER_95_INTERVAL,True,True,GRID
FINITE_SUPPORT_CUSUM_WITNESS,Priority-1 exact finite-support witness,CUSUM-witness,1,1,0.0,7.5,15/2,,,,-0.0,0.0,,,LOCALLY-STABLE,LOCALLY_ATTRACTING,GAMMA_GT_2,EXACT_SYMBOLIC,THEOREM_PLUS_CERTIFIED_INPUT,NOT_APPLICABLE_EXACT_INPUT,True,True,GRID
FINITE_SUPPORT_CUSUM_WITNESS,Priority-1 exact finite-support witness,CUSUM-witness,1,1,0.01,7.5,15/2,,,,-0.065,0.065,,,LOCALLY-STABLE,LOCALLY_ATTRACTING,GAMMA_GT_2,EXACT_SYMBOLIC,THEOREM_PLUS_CERTIFIED_INPUT,NOT_APPLICABLE_EXACT_INPUT,True,True,GRID
FINITE_SUPPORT_CUSUM_WITNESS,Priority-1 exact finite-support witness,CUSUM-witness,1,1,0.02,7.5,15/2,,,,-0.13,0.13,,,LOCALLY-STABLE,LOCALLY_ATTRACTING,GAMMA_GT_2,EXACT_SYMBOLIC,THEOREM_PLUS_CERTIFIED_INPUT,NOT_APPLICABLE_EXACT_INPUT,True,True,GRID
FINITE_SUPPORT_CUSUM_WITNESS,Priority-1 exact finite-support witness,CUSUM-witness,1,1,0.03,7.5,15/2,,,,-0.195,0.195,,,LOCALLY-STABLE,LOCALLY_ATTRACTING,GAMMA_GT_2,EXACT_SYMBOLIC,THEOREM_PLUS_CERTIFIED_INPUT,NOT_APPLICABLE_EXACT_INPUT,True,True,GRID
FINITE_SUPPORT_CUSUM_WITNESS,Priority-1 exact finite-support witness,CUSUM-witness,1,1,0.04,7.5,15/2,,,,-0.26,0.26,,,LOCALLY-STABLE,LOCALLY_ATTRACTING,GAMMA_GT_2,EXACT_SYMBOLIC,THEOREM_PLUS_CERTIFIED_INPUT,NOT_APPLICABLE_EXACT_INPUT,True,True,GRID
FINITE_SUPPORT_CUSUM_WITNESS,Priority-1 exact finite-support witness,CUSUM-witness,1,1,0.05,7.5,15/2,,,,-0.325,0.325,,,LOCALLY-STABLE,LOCALLY_ATTRACTING,GAMMA_GT_2,EXACT_SYMBOLIC,THEOREM_PLUS_CERTIFIED_INPUT,NOT_APPLICABLE_EXACT_INPUT,True,True,GRID
FINITE_SUPPORT_CUSUM_WITNESS,Priority-1 exact finite-support witness,CUSUM-witness,1,1,0.06,7.5,15/2,,,,-0.39,0.39,,,LOCALLY-STABLE,LOCALLY_ATTRACTING,GAMMA_GT_2,EXACT_SYMBOLIC,THEOREM_PLUS_CERTIFIED_INPUT,NOT_APPLICABLE_EXACT_INPUT,True,True,GRID
FINITE_SUPPORT_CUSUM_WITNESS,Priority-1 exact finite-support witness,CUSUM-witness,1,1,0.07,7.5,15/2,,,,-0.45500000000000007,0.45500000000000007,,,LOCALLY-STABLE,LOCALLY_ATTRACTING,GAMMA_GT_2,EXACT_SYMBOLIC,THEOREM_PLUS_CERTIFIED_INPUT,NOT_APPLICABLE_EXACT_INPUT,True,True,GRID
FINITE_SUPPORT_CUSUM_WITNESS,Priority-1 exact finite-support witness,CUSUM-witness,1,1,0.08,7.5,15/2,,,,-0.52,0.52,,,LOCALLY-STABLE,LOCALLY_ATTRACTING,GAMMA_GT_2,EXACT_SYMBOLIC,THEOREM_PLUS_CERTIFIED_INPUT,NOT_APPLICABLE_EXACT_INPUT,True,True,GRID
FINITE_SUPPORT_CUSUM_WITNESS,Priority-1 exact finite-support witness,CUSUM-witness,1,1,0.09,7.5,15/2,,,,-0.585,0.585,,,LOCALLY-STABLE,LOCALLY_ATTRACTING,GAMMA_GT_2,EXACT_SYMBOLIC,THEOREM_PLUS_CERTIFIED_INPUT,NOT_APPLICABLE_EXACT_INPUT,True,True,GRID
FINITE_SUPPORT_CUSUM_WITNESS,Priority-1 exact finite-support witness,CUSUM-witness,1,1,0.1,7.5,15/2,,,,-0.65,0.65,,,LOCALLY-STABLE,LOCALLY_ATTRACTING,GAMMA_GT_2,EXACT_SYMBOLIC,THEOREM_PLUS_CERTIFIED_INPUT,NOT_APPLICABLE_EXACT_INPUT,True,True,GRID
FINITE_SUPPORT_CUSUM_WITNESS,Priority-1 exact finite-support witness,CUSUM-witness,1,1,0.12,7.5,15/2,,,,-0.78,0.78,,,LOCALLY-STABLE,LOCALLY_ATTRACTING,GAMMA_GT_2,EXACT_SYMBOLIC,THEOREM_PLUS_CERTIFIED_INPUT,NOT_APPLICABLE_EXACT_INPUT,True,True,GRID
FINITE_SUPPORT_CUSUM_WITNESS,Priority-1 exact finite-support witness,CUSUM-witness,1,1,0.15,7.5,15/2,,,,-0.975,0.975,,,LOCALLY-STABLE,LOCALLY_ATTRACTING,GAMMA_GT_2,EXACT_SYMBOLIC,THEOREM_PLUS_CERTIFIED_INPUT,NOT_APPLICABLE_EXACT_INPUT,True,True,GRID
FINITE_SUPPORT_CUSUM_WITNESS,Priority-1 exact finite-support witness,CUSUM-witness,1,1,0.2,7.5,15/2,,,,-1.3,1.3,,,LOCALLY-UNSTABLE,LOCALLY_REPELLING,GAMMA_GT_2,EXACT_SYMBOLIC,THEOREM_PLUS_CERTIFIED_INPUT,NOT_APPLICABLE_EXACT_INPUT,True,True,GRID
FINITE_SUPPORT_CUSUM_WITNESS,Priority-1 exact finite-support witness,CUSUM-witness,1,1,0.25,7.5,15/2,,,,-1.625,1.625,,,LOCALLY-UNSTABLE,LOCALLY_REPELLING,GAMMA_GT_2,EXACT_SYMBOLIC,THEOREM_PLUS_CERTIFIED_INPUT,NOT_APPLICABLE_EXACT_INPUT,True,True,GRID
FINITE_SUPPORT_CUSUM_WITNESS,Priority-1 exact finite-support witness,CUSUM-witness,1,1,0.4,7.5,15/2,,,,-2.6,2.6,,,LOCALLY-UNSTABLE,LOCALLY_REPELLING,GAMMA_GT_2,EXACT_SYMBOLIC,THEOREM_PLUS_CERTIFIED_INPUT,NOT_APPLICABLE_EXACT_INPUT,True,True,GRID
FINITE_SUPPORT_CUSUM_WITNESS,Priority-1 exact finite-support witness,CUSUM-witness,1,1,0.6,7.5,15/2,,,,-3.9,3.9,,,LOCALLY-UNSTABLE,LOCALLY_REPELLING,GAMMA_GT_2,EXACT_SYMBOLIC,THEOREM_PLUS_CERTIFIED_INPUT,NOT_APPLICABLE_EXACT_INPUT,True,True,GRID
FINITE_SUPPORT_CUSUM_WITNESS,Priority-1 exact finite-support witness,CUSUM-witness,1,1,0.8,7.5,15/2,,,,-5.2,5.2,,,LOCALLY-UNSTABLE,LOCALLY_REPELLING,GAMMA_GT_2,EXACT_SYMBOLIC,THEOREM_PLUS_CERTIFIED_INPUT,NOT_APPLICABLE_EXACT_INPUT,True,True,GRID
FINITE_SUPPORT_CUSUM_WITNESS,Priority-1 exact finite-support witness,CUSUM-witness,1,1,1.0,7.5,15/2,,,,-6.5,6.5,,,LOCALLY-UNSTABLE,LOCALLY_REPELLING,GAMMA_GT_2,EXACT_SYMBOLIC,THEOREM_PLUS_CERTIFIED_INPUT,NOT_APPLICABLE_EXACT_INPUT,True,True,GRID
FINITE_SUPPORT_CUSUM_WITNESS,Priority-1 exact finite-support witness,CUSUM-witness,1,2,0.0,7.5,15/2,,,,-0.0,0.0,,,LOCALLY-STABLE,LOCALLY_ATTRACTING,GAMMA_GT_2,EXACT_SYMBOLIC,THEOREM_PLUS_CERTIFIED_INPUT,NOT_APPLICABLE_EXACT_INPUT,True,True,GRID
FINITE_SUPPORT_CUSUM_WITNESS,Priority-1 exact finite-support witness,CUSUM-witness,1,2,0.01,7.5,15/2,,,,-0.065,0.065,,,LOCALLY-STABLE,LOCALLY_ATTRACTING,GAMMA_GT_2,EXACT_SYMBOLIC,THEOREM_PLUS_CERTIFIED_INPUT,NOT_APPLICABLE_EXACT_INPUT,True,True,GRID
FINITE_SUPPORT_CUSUM_WITNESS,Priority-1 exact finite-support witness,CUSUM-witness,1,2,0.02,7.5,15/2,,,,-0.13,0.13,,,LOCALLY-STABLE,LOCALLY_ATTRACTING,GAMMA_GT_2,EXACT_SYMBOLIC,THEOREM_PLUS_CERTIFIED_INPUT,NOT_APPLICABLE_EXACT_INPUT,True,True,GRID
FINITE_SUPPORT_CUSUM_WITNESS,Priority-1 exact finite-support witness,CUSUM-witness,1,2,0.03,7.5,15/2,,,,-0.195,0.195,,,LOCALLY-STABLE,LOCALLY_ATTRACTING,GAMMA_GT_2,EXACT_SYMBOLIC,THEOREM_PLUS_CERTIFIED_INPUT,NOT_APPLICABLE_EXACT_INPUT,True,True,GRID
FINITE_SUPPORT_CUSUM_WITNESS,Priority-1 exact finite-support witness,CUSUM-witness,1,2,0.04,7.5,15/2,,,,-0.26,0.26,,,LOCALLY-STABLE,LOCALLY_ATTRACTING,GAMMA_GT_2,EXACT_SYMBOLIC,THEOREM_PLUS_CERTIFIED_INPUT,NOT_APPLICABLE_EXACT_INPUT,True,True,GRID
FINITE_SUPPORT_CUSUM_WITNESS,Priority-1 exact finite-support witness,CUSUM-witness,1,2,0.05,7.5,15/2,,,,-0.325,0.325,,,LOCALLY-STABLE,LOCALLY_ATTRACTING,GAMMA_GT_2,EXACT_SYMBOLIC,THEOREM_PLUS_CERTIFIED_INPUT,NOT_APPLICABLE_EXACT_INPUT,True,True,GRID
FINITE_SUPPORT_CUSUM_WITNESS,Priority-1 exact finite-support witness,CUSUM-witness,1,2,0.06,7.5,15/2,,,,-0.39,0.39,,,LOCALLY-STABLE,LOCALLY_ATTRACTING,GAMMA_GT_2,EXACT_SYMBOLIC,THEOREM_PLUS_CERTIFIED_INPUT,NOT_APPLICABLE_EXACT_INPUT,True,True,GRID
FINITE_SUPPORT_CUSUM_WITNESS,Priority-1 exact finite-support witness,CUSUM-witness,1,2,0.07,7.5,15/2,,,,-0.45500000000000007,0.45500000000000007,,,LOCALLY-STABLE,LOCALLY_ATTRACTING,GAMMA_GT_2,EXACT_SYMBOLIC,THEOREM_PLUS_CERTIFIED_INPUT,NOT_APPLICABLE_EXACT_INPUT,True,True,GRID
FINITE_SUPPORT_CUSUM_WITNESS,Priority-1 exact finite-support witness,CUSUM-witness,1,2,0.08,7.5,15/2,,,,-0.52,0.52,,,LOCALLY-STABLE,LOCALLY_ATTRACTING,GAMMA_GT_2,EXACT_SYMBOLIC,THEOREM_PLUS_CERTIFIED_INPUT,NOT_APPLICABLE_EXACT_INPUT,True,True,GRID
FINITE_SUPPORT_CUSUM_WITNESS,Priority-1 exact finite-support witness,CUSUM-witness,1,2,0.09,7.5,15/2,,,,-0.585,0.585,,,LOCALLY-STABLE,LOCALLY_ATTRACTING,GAMMA_GT_2,EXACT_SYMBOLIC,THEOREM_PLUS_CERTIFIED_INPUT,NOT_APPLICABLE_EXACT_INPUT,True,True,GRID
FINITE_SUPPORT_CUSUM_WITNESS,Priority-1 exact finite-support witness,CUSUM-witness,1,2,0.1,7.5,15/2,,,,-0.65,0.65,,,LOCALLY-STABLE,LOCALLY_ATTRACTING,GAMMA_GT_2,EXACT_SYMBOLIC,THEOREM_PLUS_CERTIFIED_INPUT,NOT_APPLICABLE_EXACT_INPUT,True,True,GRID
FINITE_SUPPORT_CUSUM_WITNESS,Priority-1 exact finite-support witness,CUSUM-witness,1,2,0.12,7.5,15/2,,,,-0.78,0.78,,,LOCALLY-STABLE,LOCALLY_ATTRACTING,GAMMA_GT_2,EXACT_SYMBOLIC,THEOREM_PLUS_CERTIFIED_INPUT,NOT_APPLICABLE_EXACT_INPUT,True,True,GRID
FINITE_SUPPORT_CUSUM_WITNESS,Priority-1 exact finite-support witness,CUSUM-witness,1,2,0.15,7.5,15/2,,,,-0.975,0.975,,,LOCALLY-STABLE,LOCALLY_ATTRACTING,GAMMA_GT_2,EXACT_SYMBOLIC,THEOREM_PLUS_CERTIFIED_INPUT,NOT_APPLICABLE_EXACT_INPUT,True,True,GRID
FINITE_SUPPORT_CUSUM_WITNESS,Priority-1 exact finite-support witness,CUSUM-witness,1,2,0.2,7.5,15/2,,,,-1.3,1.3,,,LOCALLY-UNSTABLE,LOCALLY_REPELLING,GAMMA_GT_2,EXACT_SYMBOLIC,THEOREM_PLUS_CERTIFIED_INPUT,NOT_APPLICABLE_EXACT_INPUT,True,True,GRID
FINITE_SUPPORT_CUSUM_WITNESS,Priority-1 exact finite-support witness,CUSUM-witness,1,2,0.25,7.5,15/2,,,,-1.625,1.625,,,LOCALLY-UNSTABLE,LOCALLY_REPELLING,GAMMA_GT_2,EXACT_SYMBOLIC,THEOREM_PLUS_CERTIFIED_INPUT,NOT_APPLICABLE_EXACT_INPUT,True,True,GRID
FINITE_SUPPORT_CUSUM_WITNESS,Priority-1 exact finite-support witness,CUSUM-witness,1,2,0.4,7.5,15/2,,,,-2.6,2.6,,,LOCALLY-UNSTABLE,LOCALLY_REPELLING,GAMMA_GT_2,EXACT_SYMBOLIC,THEOREM_PLUS_CERTIFIED_INPUT,NOT_APPLICABLE_EXACT_INPUT,True,True,GRID
FINITE_SUPPORT_CUSUM_WITNESS,Priority-1 exact finite-support witness,CUSUM-witness,1,2,0.6,7.5,15/2,,,,-3.9,3.9,,,LOCALLY-UNSTABLE,LOCALLY_REPELLING,GAMMA_GT_2,EXACT_SYMBOLIC,THEOREM_PLUS_CERTIFIED_INPUT,NOT_APPLICABLE_EXACT_INPUT,True,True,GRID
FINITE_SUPPORT_CUSUM_WITNESS,Priority-1 exact finite-support witness,CUSUM-witness,1,2,0.8,7.5,15/2,,,,-5.2,5.2,,,LOCALLY-UNSTABLE,LOCALLY_REPELLING,GAMMA_GT_2,EXACT_SYMBOLIC,THEOREM_PLUS_CERTIFIED_INPUT,NOT_APPLICABLE_EXACT_INPUT,True,True,GRID
FINITE_SUPPORT_CUSUM_WITNESS,Priority-1 exact finite-support witness,CUSUM-witness,1,2,1.0,7.5,15/2,,,,-6.5,6.5,,,LOCALLY-UNSTABLE,LOCALLY_REPELLING,GAMMA_GT_2,EXACT_SYMBOLIC,THEOREM_PLUS_CERTIFIED_INPUT,NOT_APPLICABLE_EXACT_INPUT,True,True,GRID
FINITE_SUPPORT_CUSUM_WITNESS,Priority-1 exact finite-support witness,CUSUM-witness,1,3,0.0,7.5,15/2,,,,-0.0,0.0,,,LOCALLY-STABLE,LOCALLY_ATTRACTING,GAMMA_GT_2,EXACT_SYMBOLIC,THEOREM_PLUS_CERTIFIED_INPUT,NOT_APPLICABLE_EXACT_INPUT,True,True,GRID
FINITE_SUPPORT_CUSUM_WITNESS,Priority-1 exact finite-support witness,CUSUM-witness,1,3,0.01,7.5,15/2,,,,-0.065,0.065,,,LOCALLY-STABLE,LOCALLY_ATTRACTING,GAMMA_GT_2,EXACT_SYMBOLIC,THEOREM_PLUS_CERTIFIED_INPUT,NOT_APPLICABLE_EXACT_INPUT,True,True,GRID
FINITE_SUPPORT_CUSUM_WITNESS,Priority-1 exact finite-support witness,CUSUM-witness,1,3,0.02,7.5,15/2,,,,-0.13,0.13,,,LOCALLY-STABLE,LOCALLY_ATTRACTING,GAMMA_GT_2,EXACT_SYMBOLIC,THEOREM_PLUS_CERTIFIED_INPUT,NOT_APPLICABLE_EXACT_INPUT,True,True,GRID
FINITE_SUPPORT_CUSUM_WITNESS,Priority-1 exact finite-support witness,CUSUM-witness,1,3,0.03,7.5,15/2,,,,-0.195,0.195,,,LOCALLY-STABLE,LOCALLY_ATTRACTING,GAMMA_GT_2,EXACT_SYMBOLIC,THEOREM_PLUS_CERTIFIED_INPUT,NOT_APPLICABLE_EXACT_INPUT,True,True,GRID
FINITE_SUPPORT_CUSUM_WITNESS,Priority-1 exact finite-support witness,CUSUM-witness,1,3,0.04,7.5,15/2,,,,-0.26,0.26,,,LOCALLY-STABLE,LOCALLY_ATTRACTING,GAMMA_GT_2,EXACT_SYMBOLIC,THEOREM_PLUS_CERTIFIED_INPUT,NOT_APPLICABLE_EXACT_INPUT,True,True,GRID
FINITE_SUPPORT_CUSUM_WITNESS,Priority-1 exact finite-support witness,CUSUM-witness,1,3,0.05,7.5,15/2,,,,-0.325,0.325,,,LOCALLY-STABLE,LOCALLY_ATTRACTING,GAMMA_GT_2,EXACT_SYMBOLIC,THEOREM_PLUS_CERTIFIED_INPUT,NOT_APPLICABLE_EXACT_INPUT,True,True,GRID
FINITE_SUPPORT_CUSUM_WITNESS,Priority-1 exact finite-support witness,CUSUM-witness,1,3,0.06,7.5,15/2,,,,-0.39,0.39,,,LOCALLY-STABLE,LOCALLY_ATTRACTING,GAMMA_GT_2,EXACT_SYMBOLIC,THEOREM_PLUS_CERTIFIED_INPUT,NOT_APPLICABLE_EXACT_INPUT,True,True,GRID
FINITE_SUPPORT_CUSUM_WITNESS,Priority-1 exact finite-support witness,CUSUM-witness,1,3,0.07,7.5,15/2,,,,-0.45500000000000007,0.45500000000000007,,,LOCALLY-STABLE,LOCALLY_ATTRACTING,GAMMA_GT_2,EXACT_SYMBOLIC,THEOREM_PLUS_CERTIFIED_INPUT,NOT_APPLICABLE_EXACT_INPUT,True,True,GRID
FINITE_SUPPORT_CUSUM_WITNESS,Priority-1 exact finite-support witness,CUSUM-witness,1,3,0.08,7.5,15/2,,,,-0.52,0.52,,,LOCALLY-STABLE,LOCALLY_ATTRACTING,GAMMA_GT_2,EXACT_SYMBOLIC,THEOREM_PLUS_CERTIFIED_INPUT,NOT_APPLICABLE_EXACT_INPUT,True,True,GRID
FINITE_SUPPORT_CUSUM_WITNESS,Priority-1 exact finite-support witness,CUSUM-witness,1,3,0.09,7.5,15/2,,,,-0.585,0.585,,,LOCALLY-STABLE,LOCALLY_ATTRACTING,GAMMA_GT_2,EXACT_SYMBOLIC,THEOREM_PLUS_CERTIFIED_INPUT,NOT_APPLICABLE_EXACT_INPUT,True,True,GRID
FINITE_SUPPORT_CUSUM_WITNESS,Priority-1 exact finite-support witness,CUSUM-witness,1,3,0.1,7.5,15/2,,,,-0.65,0.65,,,LOCALLY-STABLE,LOCALLY_ATTRACTING,GAMMA_GT_2,EXACT_SYMBOLIC,THEOREM_PLUS_CERTIFIED_INPUT,NOT_APPLICABLE_EXACT_INPUT,True,True,GRID
FINITE_SUPPORT_CUSUM_WITNESS,Priority-1 exact finite-support witness,CUSUM-witness,1,3,0.12,7.5,15/2,,,,-0.78,0.78,,,LOCALLY-STABLE,LOCALLY_ATTRACTING,GAMMA_GT_2,EXACT_SYMBOLIC,THEOREM_PLUS_CERTIFIED_INPUT,NOT_APPLICABLE_EXACT_INPUT,True,True,GRID
FINITE_SUPPORT_CUSUM_WITNESS,Priority-1 exact finite-support witness,CUSUM-witness,1,3,0.15,7.5,15/2,,,,-0.975,0.975,,,LOCALLY-STABLE,LOCALLY_ATTRACTING,GAMMA_GT_2,EXACT_SYMBOLIC,THEOREM_PLUS_CERTIFIED_INPUT,NOT_APPLICABLE_EXACT_INPUT,True,True,GRID
FINITE_SUPPORT_CUSUM_WITNESS,Priority-1 exact finite-support witness,CUSUM-witness,1,3,0.2,7.5,15/2,,,,-1.3,1.3,,,LOCALLY-UNSTABLE,LOCALLY_REPELLING,GAMMA_GT_2,EXACT_SYMBOLIC,THEOREM_PLUS_CERTIFIED_INPUT,NOT_APPLICABLE_EXACT_INPUT,True,True,GRID
FINITE_SUPPORT_CUSUM_WITNESS,Priority-1 exact finite-support witness,CUSUM-witness,1,3,0.25,7.5,15/2,,,,-1.625,1.625,,,LOCALLY-UNSTABLE,LOCALLY_REPELLING,GAMMA_GT_2,EXACT_SYMBOLIC,THEOREM_PLUS_CERTIFIED_INPUT,NOT_APPLICABLE_EXACT_INPUT,True,True,GRID
FINITE_SUPPORT_CUSUM_WITNESS,Priority-1 exact finite-support witness,CUSUM-witness,1,3,0.4,7.5,15/2,,,,-2.6,2.6,,,LOCALLY-UNSTABLE,LOCALLY_REPELLING,GAMMA_GT_2,EXACT_SYMBOLIC,THEOREM_PLUS_CERTIFIED_INPUT,NOT_APPLICABLE_EXACT_INPUT,True,True,GRID
FINITE_SUPPORT_CUSUM_WITNESS,Priority-1 exact finite-support witness,CUSUM-witness,1,3,0.6,7.5,15/2,,,,-3.9,3.9,,,LOCALLY-UNSTABLE,LOCALLY_REPELLING,GAMMA_GT_2,EXACT_SYMBOLIC,THEOREM_PLUS_CERTIFIED_INPUT,NOT_APPLICABLE_EXACT_INPUT,True,True,GRID
FINITE_SUPPORT_CUSUM_WITNESS,Priority-1 exact finite-support witness,CUSUM-witness,1,3,0.8,7.5,15/2,,,,-5.2,5.2,,,LOCALLY-UNSTABLE,LOCALLY_REPELLING,GAMMA_GT_2,EXACT_SYMBOLIC,THEOREM_PLUS_CERTIFIED_INPUT,NOT_APPLICABLE_EXACT_INPUT,True,True,GRID
FINITE_SUPPORT_CUSUM_WITNESS,Priority-1 exact finite-support witness,CUSUM-witness,1,3,1.0,7.5,15/2,,,,-6.5,6.5,,,LOCALLY-UNSTABLE,LOCALLY_REPELLING,GAMMA_GT_2,EXACT_SYMBOLIC,THEOREM_PLUS_CERTIFIED_INPUT,NOT_APPLICABLE_EXACT_INPUT,True,True,GRID
FINITE_SUPPORT_CUSUM_WITNESS,Priority-1 exact finite-support witness,CUSUM-witness,1,5,0.0,7.5,15/2,,,,-0.0,0.0,,,LOCALLY-STABLE,LOCALLY_ATTRACTING,GAMMA_GT_2,EXACT_SYMBOLIC,THEOREM_PLUS_CERTIFIED_INPUT,NOT_APPLICABLE_EXACT_INPUT,True,True,GRID
FINITE_SUPPORT_CUSUM_WITNESS,Priority-1 exact finite-support witness,CUSUM-witness,1,5,0.01,7.5,15/2,,,,-0.065,0.065,,,LOCALLY-STABLE,LOCALLY_ATTRACTING,GAMMA_GT_2,EXACT_SYMBOLIC,THEOREM_PLUS_CERTIFIED_INPUT,NOT_APPLICABLE_EXACT_INPUT,True,True,GRID
FINITE_SUPPORT_CUSUM_WITNESS,Priority-1 exact finite-support witness,CUSUM-witness,1,5,0.02,7.5,15/2,,,,-0.13,0.13,,,LOCALLY-STABLE,LOCALLY_ATTRACTING,GAMMA_GT_2,EXACT_SYMBOLIC,THEOREM_PLUS_CERTIFIED_INPUT,NOT_APPLICABLE_EXACT_INPUT,True,True,GRID
FINITE_SUPPORT_CUSUM_WITNESS,Priority-1 exact finite-support witness,CUSUM-witness,1,5,0.03,7.5,15/2,,,,-0.195,0.195,,,LOCALLY-STABLE,LOCALLY_ATTRACTING,GAMMA_GT_2,EXACT_SYMBOLIC,THEOREM_PLUS_CERTIFIED_INPUT,NOT_APPLICABLE_EXACT_INPUT,True,True,GRID
FINITE_SUPPORT_CUSUM_WITNESS,Priority-1 exact finite-support witness,CUSUM-witness,1,5,0.04,7.5,15/2,,,,-0.26,0.26,,,LOCALLY-STABLE,LOCALLY_ATTRACTING,GAMMA_GT_2,EXACT_SYMBOLIC,THEOREM_PLUS_CERTIFIED_INPUT,NOT_APPLICABLE_EXACT_INPUT,True,True,GRID
FINITE_SUPPORT_CUSUM_WITNESS,Priority-1 exact finite-support witness,CUSUM-witness,1,5,0.05,7.5,15/2,,,,-0.325,0.325,,,LOCALLY-STABLE,LOCALLY_ATTRACTING,GAMMA_GT_2,EXACT_SYMBOLIC,THEOREM_PLUS_CERTIFIED_INPUT,NOT_APPLICABLE_EXACT_INPUT,True,True,GRID
FINITE_SUPPORT_CUSUM_WITNESS,Priority-1 exact finite-support witness,CUSUM-witness,1,5,0.06,7.5,15/2,,,,-0.39,0.39,,,LOCALLY-STABLE,LOCALLY_ATTRACTING,GAMMA_GT_2,EXACT_SYMBOLIC,THEOREM_PLUS_CERTIFIED_INPUT,NOT_APPLICABLE_EXACT_INPUT,True,True,GRID
FINITE_SUPPORT_CUSUM_WITNESS,Priority-1 exact finite-support witness,CUSUM-witness,1,5,0.07,7.5,15/2,,,,-0.45500000000000007,0.45500000000000007,,,LOCALLY-STABLE,LOCALLY_ATTRACTING,GAMMA_GT_2,EXACT_SYMBOLIC,THEOREM_PLUS_CERTIFIED_INPUT,NOT_APPLICABLE_EXACT_INPUT,True,True,GRID
FINITE_SUPPORT_CUSUM_WITNESS,Priority-1 exact finite-support witness,CUSUM-witness,1,5,0.08,7.5,15/2,,,,-0.52,0.52,,,LOCALLY-STABLE,LOCALLY_ATTRACTING,GAMMA_GT_2,EXACT_SYMBOLIC,THEOREM_PLUS_CERTIFIED_INPUT,NOT_APPLICABLE_EXACT_INPUT,True,True,GRID
FINITE_SUPPORT_CUSUM_WITNESS,Priority-1 exact finite-support witness,CUSUM-witness,1,5,0.09,7.5,15/2,,,,-0.585,0.585,,,LOCALLY-STABLE,LOCALLY_ATTRACTING,GAMMA_GT_2,EXACT_SYMBOLIC,THEOREM_PLUS_CERTIFIED_INPUT,NOT_APPLICABLE_EXACT_INPUT,True,True,GRID
FINITE_SUPPORT_CUSUM_WITNESS,Priority-1 exact finite-support witness,CUSUM-witness,1,5,0.1,7.5,15/2,,,,-0.65,0.65,,,LOCALLY-STABLE,LOCALLY_ATTRACTING,GAMMA_GT_2,EXACT_SYMBOLIC,THEOREM_PLUS_CERTIFIED_INPUT,NOT_APPLICABLE_EXACT_INPUT,True,True,GRID
FINITE_SUPPORT_CUSUM_WITNESS,Priority-1 exact finite-support witness,CUSUM-witness,1,5,0.12,7.5,15/2,,,,-0.78,0.78,,,LOCALLY-STABLE,LOCALLY_ATTRACTING,GAMMA_GT_2,EXACT_SYMBOLIC,THEOREM_PLUS_CERTIFIED_INPUT,NOT_APPLICABLE_EXACT_INPUT,True,True,GRID
FINITE_SUPPORT_CUSUM_WITNESS,Priority-1 exact finite-support witness,CUSUM-witness,1,5,0.15,7.5,15/2,,,,-0.975,0.975,,,LOCALLY-STABLE,LOCALLY_ATTRACTING,GAMMA_GT_2,EXACT_SYMBOLIC,THEOREM_PLUS_CERTIFIED_INPUT,NOT_APPLICABLE_EXACT_INPUT,True,True,GRID
FINITE_SUPPORT_CUSUM_WITNESS,Priority-1 exact finite-support witness,CUSUM-witness,1,5,0.2,7.5,15/2,,,,-1.3,1.3,,,LOCALLY-UNSTABLE,LOCALLY_REPELLING,GAMMA_GT_2,EXACT_SYMBOLIC,THEOREM_PLUS_CERTIFIED_INPUT,NOT_APPLICABLE_EXACT_INPUT,True,True,GRID
FINITE_SUPPORT_CUSUM_WITNESS,Priority-1 exact finite-support witness,CUSUM-witness,1,5,0.25,7.5,15/2,,,,-1.625,1.625,,,LOCALLY-UNSTABLE,LOCALLY_REPELLING,GAMMA_GT_2,EXACT_SYMBOLIC,THEOREM_PLUS_CERTIFIED_INPUT,NOT_APPLICABLE_EXACT_INPUT,True,True,GRID
FINITE_SUPPORT_CUSUM_WITNESS,Priority-1 exact finite-support witness,CUSUM-witness,1,5,0.4,7.5,15/2,,,,-2.6,2.6,,,LOCALLY-UNSTABLE,LOCALLY_REPELLING,GAMMA_GT_2,EXACT_SYMBOLIC,THEOREM_PLUS_CERTIFIED_INPUT,NOT_APPLICABLE_EXACT_INPUT,True,True,GRID
FINITE_SUPPORT_CUSUM_WITNESS,Priority-1 exact finite-support witness,CUSUM-witness,1,5,0.6,7.5,15/2,,,,-3.9,3.9,,,LOCALLY-UNSTABLE,LOCALLY_REPELLING,GAMMA_GT_2,EXACT_SYMBOLIC,THEOREM_PLUS_CERTIFIED_INPUT,NOT_APPLICABLE_EXACT_INPUT,True,True,GRID
FINITE_SUPPORT_CUSUM_WITNESS,Priority-1 exact finite-support witness,CUSUM-witness,1,5,0.8,7.5,15/2,,,,-5.2,5.2,,,LOCALLY-UNSTABLE,LOCALLY_REPELLING,GAMMA_GT_2,EXACT_SYMBOLIC,THEOREM_PLUS_CERTIFIED_INPUT,NOT_APPLICABLE_EXACT_INPUT,True,True,GRID
FINITE_SUPPORT_CUSUM_WITNESS,Priority-1 exact finite-support witness,CUSUM-witness,1,5,1.0,7.5,15/2,,,,-6.5,6.5,,,LOCALLY-UNSTABLE,LOCALLY_REPELLING,GAMMA_GT_2,EXACT_SYMBOLIC,THEOREM_PLUS_CERTIFIED_INPUT,NOT_APPLICABLE_EXACT_INPUT,True,True,GRID
FINITE_SUPPORT_SR_WITNESS,Priority-2 exact finite-support SR-compatible witness,SR-witness,2,1,0.0,4.0,4,,,,-0.0,0.0,,,LOCALLY-STABLE,LOCALLY_ATTRACTING,GAMMA_GT_2,EXACT_SYMBOLIC,THEOREM_PLUS_CERTIFIED_INPUT,NOT_APPLICABLE_EXACT_INPUT,True,True,GRID
FINITE_SUPPORT_SR_WITNESS,Priority-2 exact finite-support SR-compatible witness,SR-witness,2,1,0.01,4.0,4,,,,-0.03,0.03,,,LOCALLY-STABLE,LOCALLY_ATTRACTING,GAMMA_GT_2,EXACT_SYMBOLIC,THEOREM_PLUS_CERTIFIED_INPUT,NOT_APPLICABLE_EXACT_INPUT,True,True,GRID
FINITE_SUPPORT_SR_WITNESS,Priority-2 exact finite-support SR-compatible witness,SR-witness,2,1,0.02,4.0,4,,,,-0.06,0.06,,,LOCALLY-STABLE,LOCALLY_ATTRACTING,GAMMA_GT_2,EXACT_SYMBOLIC,THEOREM_PLUS_CERTIFIED_INPUT,NOT_APPLICABLE_EXACT_INPUT,True,True,GRID
FINITE_SUPPORT_SR_WITNESS,Priority-2 exact finite-support SR-compatible witness,SR-witness,2,1,0.03,4.0,4,,,,-0.09,0.09,,,LOCALLY-STABLE,LOCALLY_ATTRACTING,GAMMA_GT_2,EXACT_SYMBOLIC,THEOREM_PLUS_CERTIFIED_INPUT,NOT_APPLICABLE_EXACT_INPUT,True,True,GRID
FINITE_SUPPORT_SR_WITNESS,Priority-2 exact finite-support SR-compatible witness,SR-witness,2,1,0.04,4.0,4,,,,-0.12,0.12,,,LOCALLY-STABLE,LOCALLY_ATTRACTING,GAMMA_GT_2,EXACT_SYMBOLIC,THEOREM_PLUS_CERTIFIED_INPUT,NOT_APPLICABLE_EXACT_INPUT,True,True,GRID
FINITE_SUPPORT_SR_WITNESS,Priority-2 exact finite-support SR-compatible witness,SR-witness,2,1,0.05,4.0,4,,,,-0.15000000000000002,0.15000000000000002,,,LOCALLY-STABLE,LOCALLY_ATTRACTING,GAMMA_GT_2,EXACT_SYMBOLIC,THEOREM_PLUS_CERTIFIED_INPUT,NOT_APPLICABLE_EXACT_INPUT,True,True,GRID
FINITE_SUPPORT_SR_WITNESS,Priority-2 exact finite-support SR-compatible witness,SR-witness,2,1,0.06,4.0,4,,,,-0.18,0.18,,,LOCALLY-STABLE,LOCALLY_ATTRACTING,GAMMA_GT_2,EXACT_SYMBOLIC,THEOREM_PLUS_CERTIFIED_INPUT,NOT_APPLICABLE_EXACT_INPUT,True,True,GRID
FINITE_SUPPORT_SR_WITNESS,Priority-2 exact finite-support SR-compatible witness,SR-witness,2,1,0.07,4.0,4,,,,-0.21000000000000002,0.21000000000000002,,,LOCALLY-STABLE,LOCALLY_ATTRACTING,GAMMA_GT_2,EXACT_SYMBOLIC,THEOREM_PLUS_CERTIFIED_INPUT,NOT_APPLICABLE_EXACT_INPUT,True,True,GRID
FINITE_SUPPORT_SR_WITNESS,Priority-2 exact finite-support SR-compatible witness,SR-witness,2,1,0.08,4.0,4,,,,-0.24,0.24,,,LOCALLY-STABLE,LOCALLY_ATTRACTING,GAMMA_GT_2,EXACT_SYMBOLIC,THEOREM_PLUS_CERTIFIED_INPUT,NOT_APPLICABLE_EXACT_INPUT,True,True,GRID
FINITE_SUPPORT_SR_WITNESS,Priority-2 exact finite-support SR-compatible witness,SR-witness,2,1,0.09,4.0,4,,,,-0.27,0.27,,,LOCALLY-STABLE,LOCALLY_ATTRACTING,GAMMA_GT_2,EXACT_SYMBOLIC,THEOREM_PLUS_CERTIFIED_INPUT,NOT_APPLICABLE_EXACT_INPUT,True,True,GRID
FINITE_SUPPORT_SR_WITNESS,Priority-2 exact finite-support SR-compatible witness,SR-witness,2,1,0.1,4.0,4,,,,-0.30000000000000004,0.30000000000000004,,,LOCALLY-STABLE,LOCALLY_ATTRACTING,GAMMA_GT_2,EXACT_SYMBOLIC,THEOREM_PLUS_CERTIFIED_INPUT,NOT_APPLICABLE_EXACT_INPUT,True,True,GRID
FINITE_SUPPORT_SR_WITNESS,Priority-2 exact finite-support SR-compatible witness,SR-witness,2,1,0.12,4.0,4,,,,-0.36,0.36,,,LOCALLY-STABLE,LOCALLY_ATTRACTING,GAMMA_GT_2,EXACT_SYMBOLIC,THEOREM_PLUS_CERTIFIED_INPUT,NOT_APPLICABLE_EXACT_INPUT,True,True,GRID
FINITE_SUPPORT_SR_WITNESS,Priority-2 exact finite-support SR-compatible witness,SR-witness,2,1,0.15,4.0,4,,,,-0.44999999999999996,0.44999999999999996,,,LOCALLY-STABLE,LOCALLY_ATTRACTING,GAMMA_GT_2,EXACT_SYMBOLIC,THEOREM_PLUS_CERTIFIED_INPUT,NOT_APPLICABLE_EXACT_INPUT,True,True,GRID
FINITE_SUPPORT_SR_WITNESS,Priority-2 exact finite-support SR-compatible witness,SR-witness,2,1,0.2,4.0,4,,,,-0.6000000000000001,0.6000000000000001,,,LOCALLY-STABLE,LOCALLY_ATTRACTING,GAMMA_GT_2,EXACT_SYMBOLIC,THEOREM_PLUS_CERTIFIED_INPUT,NOT_APPLICABLE_EXACT_INPUT,True,True,GRID
FINITE_SUPPORT_SR_WITNESS,Priority-2 exact finite-support SR-compatible witness,SR-witness,2,1,0.25,4.0,4,,,,-0.75,0.75,,,LOCALLY-STABLE,LOCALLY_ATTRACTING,GAMMA_GT_2,EXACT_SYMBOLIC,THEOREM_PLUS_CERTIFIED_INPUT,NOT_APPLICABLE_EXACT_INPUT,True,True,GRID
FINITE_SUPPORT_SR_WITNESS,Priority-2 exact finite-support SR-compatible witness,SR-witness,2,1,0.4,4.0,4,,,,-1.2000000000000002,1.2000000000000002,,,LOCALLY-UNSTABLE,LOCALLY_REPELLING,GAMMA_GT_2,EXACT_SYMBOLIC,THEOREM_PLUS_CERTIFIED_INPUT,NOT_APPLICABLE_EXACT_INPUT,True,True,GRID
FINITE_SUPPORT_SR_WITNESS,Priority-2 exact finite-support SR-compatible witness,SR-witness,2,1,0.6,4.0,4,,,,-1.7999999999999998,1.7999999999999998,,,LOCALLY-UNSTABLE,LOCALLY_REPELLING,GAMMA_GT_2,EXACT_SYMBOLIC,THEOREM_PLUS_CERTIFIED_INPUT,NOT_APPLICABLE_EXACT_INPUT,True,True,GRID
FINITE_SUPPORT_SR_WITNESS,Priority-2 exact finite-support SR-compatible witness,SR-witness,2,1,0.8,4.0,4,,,,-2.4000000000000004,2.4000000000000004,,,LOCALLY-UNSTABLE,LOCALLY_REPELLING,GAMMA_GT_2,EXACT_SYMBOLIC,THEOREM_PLUS_CERTIFIED_INPUT,NOT_APPLICABLE_EXACT_INPUT,True,True,GRID
FINITE_SUPPORT_SR_WITNESS,Priority-2 exact finite-support SR-compatible witness,SR-witness,2,1,1.0,4.0,4,,,,-3.0,3.0,,,LOCALLY-UNSTABLE,LOCALLY_REPELLING,GAMMA_GT_2,EXACT_SYMBOLIC,THEOREM_PLUS_CERTIFIED_INPUT,NOT_APPLICABLE_EXACT_INPUT,True,True,GRID
FINITE_SUPPORT_SR_WITNESS,Priority-2 exact finite-support SR-compatible witness,SR-witness,2,2,0.0,3.0,3,,,,-0.0,0.0,,,LOCALLY-STABLE,LOCALLY_ATTRACTING,GAMMA_GT_2,EXACT_SYMBOLIC,THEOREM_PLUS_CERTIFIED_INPUT,NOT_APPLICABLE_EXACT_INPUT,True,True,GRID
FINITE_SUPPORT_SR_WITNESS,Priority-2 exact finite-support SR-compatible witness,SR-witness,2,2,0.01,3.0,3,,,,-0.02,0.02,,,LOCALLY-STABLE,LOCALLY_ATTRACTING,GAMMA_GT_2,EXACT_SYMBOLIC,THEOREM_PLUS_CERTIFIED_INPUT,NOT_APPLICABLE_EXACT_INPUT,True,True,GRID
FINITE_SUPPORT_SR_WITNESS,Priority-2 exact finite-support SR-compatible witness,SR-witness,2,2,0.02,3.0,3,,,,-0.04,0.04,,,LOCALLY-STABLE,LOCALLY_ATTRACTING,GAMMA_GT_2,EXACT_SYMBOLIC,THEOREM_PLUS_CERTIFIED_INPUT,NOT_APPLICABLE_EXACT_INPUT,True,True,GRID
FINITE_SUPPORT_SR_WITNESS,Priority-2 exact finite-support SR-compatible witness,SR-witness,2,2,0.03,3.0,3,,,,-0.06,0.06,,,LOCALLY-STABLE,LOCALLY_ATTRACTING,GAMMA_GT_2,EXACT_SYMBOLIC,THEOREM_PLUS_CERTIFIED_INPUT,NOT_APPLICABLE_EXACT_INPUT,True,True,GRID
FINITE_SUPPORT_SR_WITNESS,Priority-2 exact finite-support SR-compatible witness,SR-witness,2,2,0.04,3.0,3,,,,-0.08,0.08,,,LOCALLY-STABLE,LOCALLY_ATTRACTING,GAMMA_GT_2,EXACT_SYMBOLIC,THEOREM_PLUS_CERTIFIED_INPUT,NOT_APPLICABLE_EXACT_INPUT,True,True,GRID
FINITE_SUPPORT_SR_WITNESS,Priority-2 exact finite-support SR-compatible witness,SR-witness,2,2,0.05,3.0,3,,,,-0.1,0.1,,,LOCALLY-STABLE,LOCALLY_ATTRACTING,GAMMA_GT_2,EXACT_SYMBOLIC,THEOREM_PLUS_CERTIFIED_INPUT,NOT_APPLICABLE_EXACT_INPUT,True,True,GRID
FINITE_SUPPORT_SR_WITNESS,Priority-2 exact finite-support SR-compatible witness,SR-witness,2,2,0.06,3.0,3,,,,-0.12,0.12,,,LOCALLY-STABLE,LOCALLY_ATTRACTING,GAMMA_GT_2,EXACT_SYMBOLIC,THEOREM_PLUS_CERTIFIED_INPUT,NOT_APPLICABLE_EXACT_INPUT,True,True,GRID
FINITE_SUPPORT_SR_WITNESS,Priority-2 exact finite-support SR-compatible witness,SR-witness,2,2,0.07,3.0,3,,,,-0.14,0.14,,,LOCALLY-STABLE,LOCALLY_ATTRACTING,GAMMA_GT_2,EXACT_SYMBOLIC,THEOREM_PLUS_CERTIFIED_INPUT,NOT_APPLICABLE_EXACT_INPUT,True,True,GRID
FINITE_SUPPORT_SR_WITNESS,Priority-2 exact finite-support SR-compatible witness,SR-witness,2,2,0.08,3.0,3,,,,-0.16,0.16,,,LOCALLY-STABLE,LOCALLY_ATTRACTING,GAMMA_GT_2,EXACT_SYMBOLIC,THEOREM_PLUS_CERTIFIED_INPUT,NOT_APPLICABLE_EXACT_INPUT,True,True,GRID
FINITE_SUPPORT_SR_WITNESS,Priority-2 exact finite-support SR-compatible witness,SR-witness,2,2,0.09,3.0,3,,,,-0.18,0.18,,,LOCALLY-STABLE,LOCALLY_ATTRACTING,GAMMA_GT_2,EXACT_SYMBOLIC,THEOREM_PLUS_CERTIFIED_INPUT,NOT_APPLICABLE_EXACT_INPUT,True,True,GRID
FINITE_SUPPORT_SR_WITNESS,Priority-2 exact finite-support SR-compatible witness,SR-witness,2,2,0.1,3.0,3,,,,-0.2,0.2,,,LOCALLY-STABLE,LOCALLY_ATTRACTING,GAMMA_GT_2,EXACT_SYMBOLIC,THEOREM_PLUS_CERTIFIED_INPUT,NOT_APPLICABLE_EXACT_INPUT,True,True,GRID
FINITE_SUPPORT_SR_WITNESS,Priority-2 exact finite-support SR-compatible witness,SR-witness,2,2,0.12,3.0,3,,,,-0.24,0.24,,,LOCALLY-STABLE,LOCALLY_ATTRACTING,GAMMA_GT_2,EXACT_SYMBOLIC,THEOREM_PLUS_CERTIFIED_INPUT,NOT_APPLICABLE_EXACT_INPUT,True,True,GRID
FINITE_SUPPORT_SR_WITNESS,Priority-2 exact finite-support SR-compatible witness,SR-witness,2,2,0.15,3.0,3,,,,-0.3,0.3,,,LOCALLY-STABLE,LOCALLY_ATTRACTING,GAMMA_GT_2,EXACT_SYMBOLIC,THEOREM_PLUS_CERTIFIED_INPUT,NOT_APPLICABLE_EXACT_INPUT,True,True,GRID
FINITE_SUPPORT_SR_WITNESS,Priority-2 exact finite-support SR-compatible witness,SR-witness,2,2,0.2,3.0,3,,,,-0.4,0.4,,,LOCALLY-STABLE,LOCALLY_ATTRACTING,GAMMA_GT_2,EXACT_SYMBOLIC,THEOREM_PLUS_CERTIFIED_INPUT,NOT_APPLICABLE_EXACT_INPUT,True,True,GRID
FINITE_SUPPORT_SR_WITNESS,Priority-2 exact finite-support SR-compatible witness,SR-witness,2,2,0.25,3.0,3,,,,-0.5,0.5,,,LOCALLY-STABLE,LOCALLY_ATTRACTING,GAMMA_GT_2,EXACT_SYMBOLIC,THEOREM_PLUS_CERTIFIED_INPUT,NOT_APPLICABLE_EXACT_INPUT,True,True,GRID
FINITE_SUPPORT_SR_WITNESS,Priority-2 exact finite-support SR-compatible witness,SR-witness,2,2,0.4,3.0,3,,,,-0.8,0.8,,,LOCALLY-STABLE,LOCALLY_ATTRACTING,GAMMA_GT_2,EXACT_SYMBOLIC,THEOREM_PLUS_CERTIFIED_INPUT,NOT_APPLICABLE_EXACT_INPUT,True,True,GRID
FINITE_SUPPORT_SR_WITNESS,Priority-2 exact finite-support SR-compatible witness,SR-witness,2,2,0.6,3.0,3,,,,-1.2,1.2,,,LOCALLY-UNSTABLE,LOCALLY_REPELLING,GAMMA_GT_2,EXACT_SYMBOLIC,THEOREM_PLUS_CERTIFIED_INPUT,NOT_APPLICABLE_EXACT_INPUT,True,True,GRID
FINITE_SUPPORT_SR_WITNESS,Priority-2 exact finite-support SR-compatible witness,SR-witness,2,2,0.8,3.0,3,,,,-1.6,1.6,,,LOCALLY-UNSTABLE,LOCALLY_REPELLING,GAMMA_GT_2,EXACT_SYMBOLIC,THEOREM_PLUS_CERTIFIED_INPUT,NOT_APPLICABLE_EXACT_INPUT,True,True,GRID
FINITE_SUPPORT_SR_WITNESS,Priority-2 exact finite-support SR-compatible witness,SR-witness,2,2,1.0,3.0,3,,,,-2.0,2.0,,,LOCALLY-UNSTABLE,LOCALLY_REPELLING,GAMMA_GT_2,EXACT_SYMBOLIC,THEOREM_PLUS_CERTIFIED_INPUT,NOT_APPLICABLE_EXACT_INPUT,True,True,GRID
FINITE_SUPPORT_SR_WITNESS,Priority-2 exact finite-support SR-compatible witness,SR-witness,2,3,0.0,2.6666666666666665,8/3,,,,-0.0,0.0,,,LOCALLY-STABLE,LOCALLY_ATTRACTING,GAMMA_GT_2,EXACT_SYMBOLIC,THEOREM_PLUS_CERTIFIED_INPUT,NOT_APPLICABLE_EXACT_INPUT,True,True,GRID
FINITE_SUPPORT_SR_WITNESS,Priority-2 exact finite-support SR-compatible witness,SR-witness,2,3,0.01,2.6666666666666665,8/3,,,,-0.016666666666666666,0.016666666666666666,,,LOCALLY-STABLE,LOCALLY_ATTRACTING,GAMMA_GT_2,EXACT_SYMBOLIC,THEOREM_PLUS_CERTIFIED_INPUT,NOT_APPLICABLE_EXACT_INPUT,True,True,GRID
FINITE_SUPPORT_SR_WITNESS,Priority-2 exact finite-support SR-compatible witness,SR-witness,2,3,0.02,2.6666666666666665,8/3,,,,-0.03333333333333333,0.03333333333333333,,,LOCALLY-STABLE,LOCALLY_ATTRACTING,GAMMA_GT_2,EXACT_SYMBOLIC,THEOREM_PLUS_CERTIFIED_INPUT,NOT_APPLICABLE_EXACT_INPUT,True,True,GRID
FINITE_SUPPORT_SR_WITNESS,Priority-2 exact finite-support SR-compatible witness,SR-witness,2,3,0.03,2.6666666666666665,8/3,,,,-0.049999999999999996,0.049999999999999996,,,LOCALLY-STABLE,LOCALLY_ATTRACTING,GAMMA_GT_2,EXACT_SYMBOLIC,THEOREM_PLUS_CERTIFIED_INPUT,NOT_APPLICABLE_EXACT_INPUT,True,True,GRID
FINITE_SUPPORT_SR_WITNESS,Priority-2 exact finite-support SR-compatible witness,SR-witness,2,3,0.04,2.6666666666666665,8/3,,,,-0.06666666666666667,0.06666666666666667,,,LOCALLY-STABLE,LOCALLY_ATTRACTING,GAMMA_GT_2,EXACT_SYMBOLIC,THEOREM_PLUS_CERTIFIED_INPUT,NOT_APPLICABLE_EXACT_INPUT,True,True,GRID
FINITE_SUPPORT_SR_WITNESS,Priority-2 exact finite-support SR-compatible witness,SR-witness,2,3,0.05,2.6666666666666665,8/3,,,,-0.08333333333333333,0.08333333333333333,,,LOCALLY-STABLE,LOCALLY_ATTRACTING,GAMMA_GT_2,EXACT_SYMBOLIC,THEOREM_PLUS_CERTIFIED_INPUT,NOT_APPLICABLE_EXACT_INPUT,True,True,GRID
FINITE_SUPPORT_SR_WITNESS,Priority-2 exact finite-support SR-compatible witness,SR-witness,2,3,0.06,2.6666666666666665,8/3,,,,-0.09999999999999999,0.09999999999999999,,,LOCALLY-STABLE,LOCALLY_ATTRACTING,GAMMA_GT_2,EXACT_SYMBOLIC,THEOREM_PLUS_CERTIFIED_INPUT,NOT_APPLICABLE_EXACT_INPUT,True,True,GRID
FINITE_SUPPORT_SR_WITNESS,Priority-2 exact finite-support SR-compatible witness,SR-witness,2,3,0.07,2.6666666666666665,8/3,,,,-0.11666666666666667,0.11666666666666667,,,LOCALLY-STABLE,LOCALLY_ATTRACTING,GAMMA_GT_2,EXACT_SYMBOLIC,THEOREM_PLUS_CERTIFIED_INPUT,NOT_APPLICABLE_EXACT_INPUT,True,True,GRID
FINITE_SUPPORT_SR_WITNESS,Priority-2 exact finite-support SR-compatible witness,SR-witness,2,3,0.08,2.6666666666666665,8/3,,,,-0.13333333333333333,0.13333333333333333,,,LOCALLY-STABLE,LOCALLY_ATTRACTING,GAMMA_GT_2,EXACT_SYMBOLIC,THEOREM_PLUS_CERTIFIED_INPUT,NOT_APPLICABLE_EXACT_INPUT,True,True,GRID
FINITE_SUPPORT_SR_WITNESS,Priority-2 exact finite-support SR-compatible witness,SR-witness,2,3,0.09,2.6666666666666665,8/3,,,,-0.15,0.15,,,LOCALLY-STABLE,LOCALLY_ATTRACTING,GAMMA_GT_2,EXACT_SYMBOLIC,THEOREM_PLUS_CERTIFIED_INPUT,NOT_APPLICABLE_EXACT_INPUT,True,True,GRID
FINITE_SUPPORT_SR_WITNESS,Priority-2 exact finite-support SR-compatible witness,SR-witness,2,3,0.1,2.6666666666666665,8/3,,,,-0.16666666666666666,0.16666666666666666,,,LOCALLY-STABLE,LOCALLY_ATTRACTING,GAMMA_GT_2,EXACT_SYMBOLIC,THEOREM_PLUS_CERTIFIED_INPUT,NOT_APPLICABLE_EXACT_INPUT,True,True,GRID
FINITE_SUPPORT_SR_WITNESS,Priority-2 exact finite-support SR-compatible witness,SR-witness,2,3,0.12,2.6666666666666665,8/3,,,,-0.19999999999999998,0.19999999999999998,,,LOCALLY-STABLE,LOCALLY_ATTRACTING,GAMMA_GT_2,EXACT_SYMBOLIC,THEOREM_PLUS_CERTIFIED_INPUT,NOT_APPLICABLE_EXACT_INPUT,True,True,GRID
FINITE_SUPPORT_SR_WITNESS,Priority-2 exact finite-support SR-compatible witness,SR-witness,2,3,0.15,2.6666666666666665,8/3,,,,-0.24999999999999997,0.24999999999999997,,,LOCALLY-STABLE,LOCALLY_ATTRACTING,GAMMA_GT_2,EXACT_SYMBOLIC,THEOREM_PLUS_CERTIFIED_INPUT,NOT_APPLICABLE_EXACT_INPUT,True,True,GRID
FINITE_SUPPORT_SR_WITNESS,Priority-2 exact finite-support SR-compatible witness,SR-witness,2,3,0.2,2.6666666666666665,8/3,,,,-0.3333333333333333,0.3333333333333333,,,LOCALLY-STABLE,LOCALLY_ATTRACTING,GAMMA_GT_2,EXACT_SYMBOLIC,THEOREM_PLUS_CERTIFIED_INPUT,NOT_APPLICABLE_EXACT_INPUT,True,True,GRID
FINITE_SUPPORT_SR_WITNESS,Priority-2 exact finite-support SR-compatible witness,SR-witness,2,3,0.25,2.6666666666666665,8/3,,,,-0.41666666666666663,0.41666666666666663,,,LOCALLY-STABLE,LOCALLY_ATTRACTING,GAMMA_GT_2,EXACT_SYMBOLIC,THEOREM_PLUS_CERTIFIED_INPUT,NOT_APPLICABLE_EXACT_INPUT,True,True,GRID
FINITE_SUPPORT_SR_WITNESS,Priority-2 exact finite-support SR-compatible witness,SR-witness,2,3,0.4,2.6666666666666665,8/3,,,,-0.6666666666666666,0.6666666666666666,,,LOCALLY-STABLE,LOCALLY_ATTRACTING,GAMMA_GT_2,EXACT_SYMBOLIC,THEOREM_PLUS_CERTIFIED_INPUT,NOT_APPLICABLE_EXACT_INPUT,True,True,GRID
FINITE_SUPPORT_SR_WITNESS,Priority-2 exact finite-support SR-compatible witness,SR-witness,2,3,0.6,2.6666666666666665,8/3,,,,-0.9999999999999999,0.9999999999999999,,,BOUNDARY,FIRST_ORDER_BOUNDARY_INCONCLUSIVE,GAMMA_GT_2,EXACT_SYMBOLIC,THEOREM_PLUS_CERTIFIED_INPUT,NOT_APPLICABLE_EXACT_INPUT,True,True,GRID
FINITE_SUPPORT_SR_WITNESS,Priority-2 exact finite-support SR-compatible witness,SR-witness,2,3,0.8,2.6666666666666665,8/3,,,,-1.3333333333333333,1.3333333333333333,,,LOCALLY-UNSTABLE,LOCALLY_REPELLING,GAMMA_GT_2,EXACT_SYMBOLIC,THEOREM_PLUS_CERTIFIED_INPUT,NOT_APPLICABLE_EXACT_INPUT,True,True,GRID
FINITE_SUPPORT_SR_WITNESS,Priority-2 exact finite-support SR-compatible witness,SR-witness,2,3,1.0,2.6666666666666665,8/3,,,,-1.6666666666666665,1.6666666666666665,,,LOCALLY-UNSTABLE,LOCALLY_REPELLING,GAMMA_GT_2,EXACT_SYMBOLIC,THEOREM_PLUS_CERTIFIED_INPUT,NOT_APPLICABLE_EXACT_INPUT,True,True,GRID
FINITE_SUPPORT_SR_WITNESS,Priority-2 exact finite-support SR-compatible witness,SR-witness,2,5,0.0,2.4,12/5,,,,-0.0,0.0,,,LOCALLY-STABLE,LOCALLY_ATTRACTING,GAMMA_GT_2,EXACT_SYMBOLIC,THEOREM_PLUS_CERTIFIED_INPUT,NOT_APPLICABLE_EXACT_INPUT,True,True,GRID
FINITE_SUPPORT_SR_WITNESS,Priority-2 exact finite-support SR-compatible witness,SR-witness,2,5,0.01,2.4,12/5,,,,-0.013999999999999999,0.013999999999999999,,,LOCALLY-STABLE,LOCALLY_ATTRACTING,GAMMA_GT_2,EXACT_SYMBOLIC,THEOREM_PLUS_CERTIFIED_INPUT,NOT_APPLICABLE_EXACT_INPUT,True,True,GRID
FINITE_SUPPORT_SR_WITNESS,Priority-2 exact finite-support SR-compatible witness,SR-witness,2,5,0.02,2.4,12/5,,,,-0.027999999999999997,0.027999999999999997,,,LOCALLY-STABLE,LOCALLY_ATTRACTING,GAMMA_GT_2,EXACT_SYMBOLIC,THEOREM_PLUS_CERTIFIED_INPUT,NOT_APPLICABLE_EXACT_INPUT,True,True,GRID
FINITE_SUPPORT_SR_WITNESS,Priority-2 exact finite-support SR-compatible witness,SR-witness,2,5,0.03,2.4,12/5,,,,-0.041999999999999996,0.041999999999999996,,,LOCALLY-STABLE,LOCALLY_ATTRACTING,GAMMA_GT_2,EXACT_SYMBOLIC,THEOREM_PLUS_CERTIFIED_INPUT,NOT_APPLICABLE_EXACT_INPUT,True,True,GRID
FINITE_SUPPORT_SR_WITNESS,Priority-2 exact finite-support SR-compatible witness,SR-witness,2,5,0.04,2.4,12/5,,,,-0.055999999999999994,0.055999999999999994,,,LOCALLY-STABLE,LOCALLY_ATTRACTING,GAMMA_GT_2,EXACT_SYMBOLIC,THEOREM_PLUS_CERTIFIED_INPUT,NOT_APPLICABLE_EXACT_INPUT,True,True,GRID
FINITE_SUPPORT_SR_WITNESS,Priority-2 exact finite-support SR-compatible witness,SR-witness,2,5,0.05,2.4,12/5,,,,-0.06999999999999999,0.06999999999999999,,,LOCALLY-STABLE,LOCALLY_ATTRACTING,GAMMA_GT_2,EXACT_SYMBOLIC,THEOREM_PLUS_CERTIFIED_INPUT,NOT_APPLICABLE_EXACT_INPUT,True,True,GRID
FINITE_SUPPORT_SR_WITNESS,Priority-2 exact finite-support SR-compatible witness,SR-witness,2,5,0.06,2.4,12/5,,,,-0.08399999999999999,0.08399999999999999,,,LOCALLY-STABLE,LOCALLY_ATTRACTING,GAMMA_GT_2,EXACT_SYMBOLIC,THEOREM_PLUS_CERTIFIED_INPUT,NOT_APPLICABLE_EXACT_INPUT,True,True,GRID
FINITE_SUPPORT_SR_WITNESS,Priority-2 exact finite-support SR-compatible witness,SR-witness,2,5,0.07,2.4,12/5,,,,-0.098,0.098,,,LOCALLY-STABLE,LOCALLY_ATTRACTING,GAMMA_GT_2,EXACT_SYMBOLIC,THEOREM_PLUS_CERTIFIED_INPUT,NOT_APPLICABLE_EXACT_INPUT,True,True,GRID
FINITE_SUPPORT_SR_WITNESS,Priority-2 exact finite-support SR-compatible witness,SR-witness,2,5,0.08,2.4,12/5,,,,-0.11199999999999999,0.11199999999999999,,,LOCALLY-STABLE,LOCALLY_ATTRACTING,GAMMA_GT_2,EXACT_SYMBOLIC,THEOREM_PLUS_CERTIFIED_INPUT,NOT_APPLICABLE_EXACT_INPUT,True,True,GRID
FINITE_SUPPORT_SR_WITNESS,Priority-2 exact finite-support SR-compatible witness,SR-witness,2,5,0.09,2.4,12/5,,,,-0.126,0.126,,,LOCALLY-STABLE,LOCALLY_ATTRACTING,GAMMA_GT_2,EXACT_SYMBOLIC,THEOREM_PLUS_CERTIFIED_INPUT,NOT_APPLICABLE_EXACT_INPUT,True,True,GRID
FINITE_SUPPORT_SR_WITNESS,Priority-2 exact finite-support SR-compatible witness,SR-witness,2,5,0.1,2.4,12/5,,,,-0.13999999999999999,0.13999999999999999,,,LOCALLY-STABLE,LOCALLY_ATTRACTING,GAMMA_GT_2,EXACT_SYMBOLIC,THEOREM_PLUS_CERTIFIED_INPUT,NOT_APPLICABLE_EXACT_INPUT,True,True,GRID
FINITE_SUPPORT_SR_WITNESS,Priority-2 exact finite-support SR-compatible witness,SR-witness,2,5,0.12,2.4,12/5,,,,-0.16799999999999998,0.16799999999999998,,,LOCALLY-STABLE,LOCALLY_ATTRACTING,GAMMA_GT_2,EXACT_SYMBOLIC,THEOREM_PLUS_CERTIFIED_INPUT,NOT_APPLICABLE_EXACT_INPUT,True,True,GRID
FINITE_SUPPORT_SR_WITNESS,Priority-2 exact finite-support SR-compatible witness,SR-witness,2,5,0.15,2.4,12/5,,,,-0.21,0.21,,,LOCALLY-STABLE,LOCALLY_ATTRACTING,GAMMA_GT_2,EXACT_SYMBOLIC,THEOREM_PLUS_CERTIFIED_INPUT,NOT_APPLICABLE_EXACT_INPUT,True,True,GRID
FINITE_SUPPORT_SR_WITNESS,Priority-2 exact finite-support SR-compatible witness,SR-witness,2,5,0.2,2.4,12/5,,,,-0.27999999999999997,0.27999999999999997,,,LOCALLY-STABLE,LOCALLY_ATTRACTING,GAMMA_GT_2,EXACT_SYMBOLIC,THEOREM_PLUS_CERTIFIED_INPUT,NOT_APPLICABLE_EXACT_INPUT,True,True,GRID
FINITE_SUPPORT_SR_WITNESS,Priority-2 exact finite-support SR-compatible witness,SR-witness,2,5,0.25,2.4,12/5,,,,-0.35,0.35,,,LOCALLY-STABLE,LOCALLY_ATTRACTING,GAMMA_GT_2,EXACT_SYMBOLIC,THEOREM_PLUS_CERTIFIED_INPUT,NOT_APPLICABLE_EXACT_INPUT,True,True,GRID
FINITE_SUPPORT_SR_WITNESS,Priority-2 exact finite-support SR-compatible witness,SR-witness,2,5,0.4,2.4,12/5,,,,-0.5599999999999999,0.5599999999999999,,,LOCALLY-STABLE,LOCALLY_ATTRACTING,GAMMA_GT_2,EXACT_SYMBOLIC,THEOREM_PLUS_CERTIFIED_INPUT,NOT_APPLICABLE_EXACT_INPUT,True,True,GRID
FINITE_SUPPORT_SR_WITNESS,Priority-2 exact finite-support SR-compatible witness,SR-witness,2,5,0.6,2.4,12/5,,,,-0.84,0.84,,,LOCALLY-STABLE,LOCALLY_ATTRACTING,GAMMA_GT_2,EXACT_SYMBOLIC,THEOREM_PLUS_CERTIFIED_INPUT,NOT_APPLICABLE_EXACT_INPUT,True,True,GRID
FINITE_SUPPORT_SR_WITNESS,Priority-2 exact finite-support SR-compatible witness,SR-witness,2,5,0.8,2.4,12/5,,,,-1.1199999999999999,1.1199999999999999,,,LOCALLY-UNSTABLE,LOCALLY_REPELLING,GAMMA_GT_2,EXACT_SYMBOLIC,THEOREM_PLUS_CERTIFIED_INPUT,NOT_APPLICABLE_EXACT_INPUT,True,True,GRID
FINITE_SUPPORT_SR_WITNESS,Priority-2 exact finite-support SR-compatible witness,SR-witness,2,5,1.0,2.4,12/5,,,,-1.4,1.4,,,LOCALLY-UNSTABLE,LOCALLY_REPELLING,GAMMA_GT_2,EXACT_SYMBOLIC,THEOREM_PLUS_CERTIFIED_INPUT,NOT_APPLICABLE_EXACT_INPUT,True,True,GRID
GAUSSIAN_CUSUM_FROZEN,Gaussian two-sided CUSUM,CUSUM,1,1,0.06703967349028536,15.916540429525044,,0.05990518871399268,15.799128417158544,16.033952441891547,-0.9999999999999999,0.9999999999999999,0.9921287370271124,1.0078712629728876,BOUNDARY,FIRST_ORDER_BOUNDARY_INCONCLUSIVE,GAMMA_GT_2,EMPIRICAL_ONLY,INCONCLUSIVE,UNCERTAINTY_SENSITIVE_CROSSES_UNIT_MAGNITUDE,False,True,EXACT_BOUNDARY
GAUSSIAN_CUSUM_FROZEN,Gaussian two-sided CUSUM,CUSUM,1,2,0.08153398056010368,13.26482496169605,,0.050152156092659925,13.166528542007406,13.363121381384694,-1.0,1.0,0.9919855016279784,1.0080144983720218,BOUNDARY,FIRST_ORDER_BOUNDARY_INCONCLUSIVE,GAMMA_GT_2,EMPIRICAL_ONLY,INCONCLUSIVE,UNCERTAINTY_SENSITIVE_CROSSES_UNIT_MAGNITUDE,False,True,EXACT_BOUNDARY
GAUSSIAN_CUSUM_FROZEN,Gaussian two-sided CUSUM,CUSUM,1,3,0.09126520612685517,11.957078194838436,,0.04316132971596495,11.872483543070286,12.041672846606586,-1.0,1.0,0.9922794516691503,1.0077205483308498,BOUNDARY,FIRST_ORDER_BOUNDARY_INCONCLUSIVE,GAMMA_GT_2,EMPIRICAL_ONLY,INCONCLUSIVE,UNCERTAINTY_SENSITIVE_CROSSES_UNIT_MAGNITUDE,False,True,EXACT_BOUNDARY
GAUSSIAN_CUSUM_FROZEN,Gaussian two-sided CUSUM,CUSUM,1,5,0.10838505864617581,10.226363970189938,,0.03523707485898826,10.157300572545779,10.295427367834098,-1.0,1.0,0.9925145595960336,1.0074854404039664,BOUNDARY,FIRST_ORDER_BOUNDARY_INCONCLUSIVE,GAMMA_GT_2,EMPIRICAL_ONLY,INCONCLUSIVE,UNCERTAINTY_SENSITIVE_CROSSES_UNIT_MAGNITUDE,False,True,EXACT_BOUNDARY
GAUSSIAN_SR_FROZEN,reset symmetric two-chart Shiryaev-Roberts,SR,2,1,0.060777081078997625,17.453570692218783,,0.0658806908185833,17.32444691093774,17.582694473499824,-1.0,1.0,0.9921522334758555,1.0078477665241445,BOUNDARY,FIRST_ORDER_BOUNDARY_INCONCLUSIVE,GAMMA_GT_2,EMPIRICAL_ONLY,INCONCLUSIVE,UNCERTAINTY_SENSITIVE_CROSSES_UNIT_MAGNITUDE,False,True,EXACT_BOUNDARY
GAUSSIAN_SR_FROZEN,reset symmetric two-chart Shiryaev-Roberts,SR,2,2,0.07407127722872422,14.500509744311637,,0.05672486214775936,14.38933105747403,14.611688431149245,-1.0,1.0,0.9917648526653261,1.008235147334674,BOUNDARY,FIRST_ORDER_BOUNDARY_INCONCLUSIVE,GAMMA_GT_2,EMPIRICAL_ONLY,INCONCLUSIVE,UNCERTAINTY_SENSITIVE_CROSSES_UNIT_MAGNITUDE,False,True,EXACT_BOUNDARY
GAUSSIAN_SR_FROZEN,reset symmetric two-chart Shiryaev-Roberts,SR,2,3,0.08352366543596258,12.972654633634319,,0.049010542760713774,12.87659573496056,13.068713532308077,-1.0,1.0,0.9919768086850259,1.008023191314974,BOUNDARY,FIRST_ORDER_BOUNDARY_INCONCLUSIVE,GAMMA_GT_2,EMPIRICAL_ONLY,INCONCLUSIVE,UNCERTAINTY_SENSITIVE_CROSSES_UNIT_MAGNITUDE,False,True,EXACT_BOUNDARY
GAUSSIAN_SR_FROZEN,reset symmetric two-chart Shiryaev-Roberts,SR,2,5,0.09951708267319101,11.04852607349784,,0.04104653234838718,10.968076348404743,11.128975798590936,-1.0,1.0,0.9919938780568748,1.008006121943125,BOUNDARY,FIRST_ORDER_BOUNDARY_INCONCLUSIVE,GAMMA_GT_2,EMPIRICAL_ONLY,INCONCLUSIVE,UNCERTAINTY_SENSITIVE_CROSSES_UNIT_MAGNITUDE,False,True,EXACT_BOUNDARY
FINITE_SUPPORT_CUSUM_WITNESS,Priority-1 exact finite-support witness,CUSUM-witness,1,1,0.15384615384615385,7.5,15/2,,,,-1.0,1.0,,,BOUNDARY,FIRST_ORDER_BOUNDARY_INCONCLUSIVE,GAMMA_GT_2,EXACT_SYMBOLIC,THEOREM_PLUS_CERTIFIED_INPUT,NOT_APPLICABLE_EXACT_INPUT,True,True,EXACT_BOUNDARY
FINITE_SUPPORT_CUSUM_WITNESS,Priority-1 exact finite-support witness,CUSUM-witness,1,2,0.15384615384615385,7.5,15/2,,,,-1.0,1.0,,,BOUNDARY,FIRST_ORDER_BOUNDARY_INCONCLUSIVE,GAMMA_GT_2,EXACT_SYMBOLIC,THEOREM_PLUS_CERTIFIED_INPUT,NOT_APPLICABLE_EXACT_INPUT,True,True,EXACT_BOUNDARY
FINITE_SUPPORT_CUSUM_WITNESS,Priority-1 exact finite-support witness,CUSUM-witness,1,3,0.15384615384615385,7.5,15/2,,,,-1.0,1.0,,,BOUNDARY,FIRST_ORDER_BOUNDARY_INCONCLUSIVE,GAMMA_GT_2,EXACT_SYMBOLIC,THEOREM_PLUS_CERTIFIED_INPUT,NOT_APPLICABLE_EXACT_INPUT,True,True,EXACT_BOUNDARY
FINITE_SUPPORT_CUSUM_WITNESS,Priority-1 exact finite-support witness,CUSUM-witness,1,5,0.15384615384615385,7.5,15/2,,,,-1.0,1.0,,,BOUNDARY,FIRST_ORDER_BOUNDARY_INCONCLUSIVE,GAMMA_GT_2,EXACT_SYMBOLIC,THEOREM_PLUS_CERTIFIED_INPUT,NOT_APPLICABLE_EXACT_INPUT,True,True,EXACT_BOUNDARY
FINITE_SUPPORT_SR_WITNESS,Priority-2 exact finite-support SR-compatible witness,SR-witness,2,1,0.3333333333333333,4.0,4,,,,-1.0,1.0,,,BOUNDARY,FIRST_ORDER_BOUNDARY_INCONCLUSIVE,GAMMA_GT_2,EXACT_SYMBOLIC,THEOREM_PLUS_CERTIFIED_INPUT,NOT_APPLICABLE_EXACT_INPUT,True,True,EXACT_BOUNDARY
FINITE_SUPPORT_SR_WITNESS,Priority-2 exact finite-support SR-compatible witness,SR-witness,2,2,0.5,3.0,3,,,,-1.0,1.0,,,BOUNDARY,FIRST_ORDER_BOUNDARY_INCONCLUSIVE,GAMMA_GT_2,EXACT_SYMBOLIC,THEOREM_PLUS_CERTIFIED_INPUT,NOT_APPLICABLE_EXACT_INPUT,True,True,EXACT_BOUNDARY
FINITE_SUPPORT_SR_WITNESS,Priority-2 exact finite-support SR-compatible witness,SR-witness,2,3,0.6000000000000001,2.6666666666666665,8/3,,,,-1.0,1.0,,,BOUNDARY,FIRST_ORDER_BOUNDARY_INCONCLUSIVE,GAMMA_GT_2,EXACT_SYMBOLIC,THEOREM_PLUS_CERTIFIED_INPUT,NOT_APPLICABLE_EXACT_INPUT,True,True,EXACT_BOUNDARY
FINITE_SUPPORT_SR_WITNESS,Priority-2 exact finite-support SR-compatible witness,SR-witness,2,5,0.7142857142857143,2.4,12/5,,,,-1.0,1.0,,,BOUNDARY,FIRST_ORDER_BOUNDARY_INCONCLUSIVE,GAMMA_GT_2,EXACT_SYMBOLIC,THEOREM_PLUS_CERTIFIED_INPUT,NOT_APPLICABLE_EXACT_INPUT,True,True,EXACT_BOUNDARY
