cell,evidence_files_ok,ledger_completed,markers,open_reservations,record_equal_ledger,scientific_hash_consistent,sealed_file,successor_id,torn_attempts
0,True,True,1,0,True,True,True,PS1-SR-P000-N1-K0,0
1,True,True,1,0,True,True,True,PS1-SR-P001-N1-K0,0
2,True,True,1,0,True,True,True,PS1-SR-P002-N1-K0,0
3,True,True,1,0,True,True,True,PS1-SR-P003-N1-K0,0
4,True,True,1,0,True,True,True,PS1-SR-P004-N1-K0,0
5,True,True,1,0,True,True,True,PS1-SR-P005-N1-K0,0
6,True,True,1,0,True,True,True,PS1-SR-P006-N1-K0,0
7,True,True,1,0,True,True,True,PS1-SR-P007-N1-K0,0
8,True,True,1,0,True,True,True,PS1-SR-P008-N1-K0,0
9,True,True,1,0,True,True,True,PS1-SR-P009-N1-K0,0
10,True,True,1,0,True,True,True,PS1-SR-P010-N1-K0,0
11,True,True,1,0,True,True,True,PS1-SR-P011-N1-K0,0
12,True,True,1,0,True,True,True,PS1-SR-P012-N1-K0,0
13,True,True,1,0,True,True,True,PS1-SR-P013-N1-K0,0
14,True,True,1,0,True,True,True,PS1-SR-P014-N1-K0,0
15,True,True,1,0,True,True,True,PS1-SR-P015-N1-K0,0
16,True,True,1,0,True,True,True,PS1-SR-P016-N1-K0,0
17,True,True,1,0,True,True,True,PS1-SR-P017-N1-K0,0
18,True,True,1,0,True,True,True,PS1-SR-P018-N1-K0,0
19,True,True,1,0,True,True,True,PS1-SR-P019-N1-K0,0
20,True,True,1,0,True,True,True,PS1-SR-P020-N1-K0,0
21,True,True,1,0,True,True,True,PS1-SR-P021-N1-K0,0
22,True,True,1,0,True,True,True,PS1-SR-P022-N1-K0,0
23,True,True,1,0,True,True,True,PS1-SR-P023-N1-K0,0
24,True,True,1,0,True,True,True,PS1-SR-P024-N1-K0,0
25,True,True,1,0,True,True,True,PS1-SR-P025-N1-K0,0
26,True,True,1,0,True,True,True,PS1-SR-P026-N1-K0,0
27,True,True,1,0,True,True,True,PS1-SR-P027-N1-K0,0
28,True,True,1,0,True,True,True,PS1-SR-P028-N1-K0,0
29,True,True,1,0,True,True,True,PS1-SR-P029-N1-K0,0
30,True,True,1,0,True,True,True,PS1-SR-P030-N1-K0,0
31,True,True,1,0,True,True,True,PS1-SR-P031-N1-K0,0
32,True,True,1,0,True,True,True,PS1-SR-P032-N1-K0,0
33,True,True,1,0,True,True,True,PS1-SR-P033-N1-K0,0
34,True,True,1,0,True,True,True,PS1-SR-P034-N1-K0,0
35,True,True,1,0,True,True,True,PS1-SR-P035-N1-K0,0
36,True,True,1,0,True,True,True,PS1-SR-P036-N1-K0,0
37,True,True,1,0,True,True,True,PS1-SR-P037-N1-K0,0
38,True,True,1,0,True,True,True,PS1-SR-P038-N1-K0,0
39,True,True,1,0,True,True,True,PS1-SR-P039-N1-K0,0
40,True,True,1,0,True,True,True,PS1-SR-P040-N1-K0,0
41,True,True,1,0,True,True,True,PS1-SR-P041-N1-K0,0
42,True,True,1,0,True,True,True,PS1-SR-P042-N1-K0,0
43,True,True,1,0,True,True,True,PS1-SR-P043-N1-K0,0
44,True,True,1,0,True,True,True,PS1-SR-P044-N1-K0,0
45,True,True,1,0,True,True,True,PS1-SR-P045-N1-K0,0
46,True,True,1,0,True,True,True,PS1-SR-P046-N1-K0,0
47,True,True,1,0,True,True,True,PS1-SR-P047-N1-K0,0
48,True,True,1,0,True,True,True,PS1-SR-P048-N1-K0,0
49,True,True,1,0,True,True,True,PS1-SR-P049-N1-K0,0
50,True,True,1,0,True,True,True,PS1-SR-P050-N1-K0,0
51,True,True,1,0,True,True,True,PS1-SR-P051-N1-K0,0
52,True,True,1,0,True,True,True,PS1-SR-P052-N1-K0,0
53,True,True,1,0,True,True,True,PS1-SR-P053-N1-K0,0
54,True,True,1,0,True,True,True,PS1-SR-P054-N1-K0,0
55,True,True,1,0,True,True,True,PS1-SR-P055-N1-K0,0
56,True,True,1,0,True,True,True,PS1-SR-P056-N1-K0,0
57,True,True,1,0,True,True,True,PS1-SR-P057-N1-K0,0
58,True,True,1,0,True,True,True,PS1-SR-P058-N1-K0,0
59,True,True,1,0,True,True,True,PS1-SR-P059-N1-K0,0
60,True,True,1,0,True,True,True,PS1-SR-P060-N1-K0,0
61,True,True,1,0,True,True,True,PS1-SR-P061-N1-K0,0
62,True,True,1,0,True,True,True,PS1-SR-P062-N1-K0,0
63,True,True,1,0,True,True,True,PS1-SR-P063-N1-K0,0
64,True,True,1,0,True,True,True,PS1-SR-P064-N1-K0,0
65,True,True,1,0,True,True,True,PS1-SR-P065-N1-K0,0
66,True,True,1,0,True,True,True,PS1-SR-P066-N1-K0,0
67,True,True,1,0,True,True,True,PS1-SR-P067-N1-K0,0
68,True,True,1,0,True,True,True,PS1-SR-P068-N1-K0,0
69,True,True,1,0,True,True,True,PS1-SR-P069-N1-K0,0
70,True,True,1,0,True,True,True,PS1-SR-P070-N1-K0,0
71,True,True,1,0,True,True,True,PS1-SR-P071-N1-K0,0
72,True,True,1,0,True,True,True,PS1-SR-P072-N1-K0,0
73,True,True,1,0,True,True,True,PS1-SR-P073-N1-K0,0
74,True,True,1,0,True,True,True,PS1-SR-P074-N1-K0,0
75,True,True,1,0,True,True,True,PS1-SR-P075-N1-K0,0
76,True,True,1,0,True,True,True,PS1-SR-P076-N1-K0,0
77,True,True,1,0,True,True,True,PS1-SR-P077-N1-K0,0
78,True,True,1,0,True,True,True,PS1-SR-P078-N1-K0,0
79,True,True,1,0,True,True,True,PS1-SR-P079-N1-K0,0
80,True,True,1,0,True,True,True,PS1-SR-P080-N1-K0,0
81,True,True,1,0,True,True,True,PS1-SR-P081-N1-K0,0
82,True,True,1,0,True,True,True,PS1-SR-P082-N1-K0,0
83,True,True,1,0,True,True,True,PS1-SR-P083-N1-K0,0
84,True,True,1,0,True,True,True,PS1-SR-P084-N1-K0,0
85,True,True,1,0,True,True,True,PS1-SR-P085-N1-K0,0
86,True,True,1,0,True,True,True,PS1-SR-P086-N1-K0,0
87,True,True,1,0,True,True,True,PS1-SR-P087-N1-K0,0
88,True,True,1,0,True,True,True,PS1-SR-P088-N1-K0,0
89,True,True,1,0,True,True,True,PS1-SR-P089-N1-K0,0
90,True,True,1,0,True,True,True,PS1-SR-P090-N1-K0,0
91,True,True,1,0,True,True,True,PS1-SR-P091-N1-K0,0
92,True,True,1,0,True,True,True,PS1-SR-P092-N1-K0,0
93,True,True,1,0,True,True,True,PS1-SR-P093-N1-K0,0
94,True,True,1,0,True,True,True,PS1-SR-P094-N1-K0,0
95,True,True,1,0,True,True,True,PS1-SR-P095-N1-K0,0
96,True,True,1,0,True,True,True,PS1-SR-P096-N1-K0,0
97,True,True,1,0,True,True,True,PS1-SR-P097-N1-K0,0
98,True,True,1,0,True,True,True,PS1-SR-P098-N1-K0,0
99,True,True,1,0,True,True,True,PS1-SR-P099-N1-K0,0
100,True,True,1,0,True,True,True,PS1-SR-P100-N1-K0,0
101,True,True,1,0,True,True,True,PS1-SR-P101-N1-K0,0
102,True,True,1,0,True,True,True,PS1-SR-P102-N1-K0,0
103,True,True,1,0,True,True,True,PS1-SR-P103-N1-K0,0
104,True,True,1,0,True,True,True,PS1-SR-P104-N1-K0,0
105,True,True,1,0,True,True,True,PS1-SR-P105-N1-K0,0
106,True,True,1,0,True,True,True,PS1-SR-P106-N1-K0,0
107,True,True,1,0,True,True,True,PS1-SR-P107-N1-K0,0
108,True,True,1,0,True,True,True,PS1-SR-P108-N1-K0,0
109,True,True,1,0,True,True,True,PS1-SR-P109-N1-K0,0
110,True,True,1,0,True,True,True,PS1-SR-P110-N1-K0,0
111,True,True,1,0,True,True,True,PS1-SR-P111-N1-K0,0
112,True,True,1,0,True,True,True,PS1-SR-P112-N1-K0,0
113,True,True,1,0,True,True,True,PS1-SR-P113-N1-K0,0
114,True,True,1,0,True,True,True,PS1-SR-P114-N1-K0,0
115,True,True,1,0,True,True,True,PS1-SR-P115-N1-K0,0
116,True,True,1,0,True,True,True,PS1-SR-P116-N1-K0,0
117,True,True,1,0,True,True,True,PS1-SR-P117-N1-K0,0
118,True,True,1,0,True,True,True,PS1-SR-P118-N1-K0,0
119,True,True,1,0,True,True,True,PS1-SR-P119-N1-K0,0
120,True,True,1,0,True,True,True,PS1-SR-P120-N1-K0,0
121,True,True,1,0,True,True,True,PS1-SR-P121-N1-K0,0
122,True,True,1,0,True,True,True,PS1-SR-P122-N1-K0,0
123,True,True,1,0,True,True,True,PS1-SR-P123-N1-K0,0
124,True,True,1,0,True,True,True,PS1-SR-P124-N1-K0,0
125,True,True,1,0,True,True,True,PS1-SR-P125-N1-K0,0
126,True,True,1,0,True,True,True,PS1-SR-P126-N1-K0,0
127,True,True,1,0,True,True,True,PS1-SR-P127-N1-K0,0
128,True,True,1,0,True,True,True,PS1-SR-P128-N1-K0,0
129,True,True,1,0,True,True,True,PS1-SR-P129-N1-K0,0
130,True,True,1,0,True,True,True,PS1-SR-P130-N1-K0,0
131,True,True,1,0,True,True,True,PS1-SR-P131-N1-K0,0
132,True,True,1,0,True,True,True,PS1-SR-P132-N1-K0,0
133,True,True,1,0,True,True,True,PS1-SR-P133-N1-K0,0
134,True,True,1,0,True,True,True,PS1-SR-P134-N1-K0,0
135,True,True,1,0,True,True,True,PS1-SR-P135-N1-K0,0
136,True,True,1,0,True,True,True,PS1-SR-P136-N1-K0,0
137,True,True,1,0,True,True,True,PS1-SR-P137-N1-K0,0
138,True,True,1,0,True,True,True,PS1-SR-P138-N1-K0,0
139,True,True,1,0,True,True,True,PS1-SR-P139-N1-K0,0
140,True,True,1,0,True,True,True,PS1-SR-P140-N1-K0,0
141,True,True,1,0,True,True,True,PS1-SR-P141-N1-K0,0
142,True,True,1,0,True,True,True,PS1-SR-P142-N1-K0,0
143,True,True,1,0,True,True,True,PS1-SR-P143-N1-K0,0
144,True,True,1,0,True,True,True,PS1-SR-P144-N1-K0,0
145,True,True,1,0,True,True,True,PS1-SR-P145-N1-K0,0
146,True,True,1,0,True,True,True,PS1-SR-P146-N1-K0,0
147,True,True,1,0,True,True,True,PS1-SR-P147-N1-K0,0
148,True,True,1,0,True,True,True,PS1-SR-P148-N1-K0,0
149,True,True,1,0,True,True,True,PS1-SR-P149-N1-K0,0
150,True,True,1,0,True,True,True,PS1-SR-P150-N1-K0,0
151,True,True,1,0,True,True,True,PS1-SR-P151-N1-K0,0
152,True,True,1,0,True,True,True,PS1-SR-P152-N1-K0,0
153,True,True,1,0,True,True,True,PS1-SR-P153-N1-K0,0
154,True,True,1,0,True,True,True,PS1-SR-P154-N1-K0,0
155,True,True,1,0,True,True,True,PS1-SR-P155-N1-K0,0
156,True,True,1,0,True,True,True,PS1-SR-P156-N1-K0,0
157,True,True,1,0,True,True,True,PS1-SR-P157-N1-K0,0
158,True,True,1,0,True,True,True,PS1-SR-P158-N1-K0,0
159,True,True,1,0,True,True,True,PS1-SR-P159-N1-K0,0
160,True,True,1,0,True,True,True,PS1-SR-P160-N1-K0,0
161,True,True,1,0,True,True,True,PS1-SR-P161-N1-K0,0
162,True,True,1,0,True,True,True,PS1-SR-P162-N1-K0,0
163,True,True,1,0,True,True,True,PS1-SR-P163-N1-K0,0
164,True,True,1,0,True,True,True,PS1-SR-P164-N1-K0,0
165,True,True,1,0,True,True,True,PS1-SR-P165-N1-K0,0
166,True,True,1,0,True,True,True,PS1-SR-P166-N1-K0,0
167,True,True,1,0,True,True,True,PS1-SR-P167-N1-K0,0
168,True,True,1,0,True,True,True,PS1-SR-P168-N1-K0,0
169,True,True,1,0,True,True,True,PS1-SR-P169-N1-K0,0
170,True,True,1,0,True,True,True,PS1-SR-P170-N1-K0,0
171,True,True,1,0,True,True,True,PS1-SR-P171-N1-K0,0
172,True,True,1,0,True,True,True,PS1-SR-P172-N1-K0,0
173,True,True,1,0,True,True,True,PS1-SR-P173-N1-K0,0
174,True,True,1,0,True,True,True,PS1-SR-P174-N1-K0,0
175,True,True,1,0,True,True,True,PS1-SR-P175-N1-K0,0
176,True,True,1,0,True,True,True,PS1-SR-P176-N1-K0,0
177,True,True,1,0,True,True,True,PS1-SR-P177-N1-K0,0
178,True,True,1,0,True,True,True,PS1-SR-P178-N1-K0,0
179,True,True,1,0,True,True,True,PS1-SR-P179-N1-K0,0
180,True,True,1,0,True,True,True,PS1-SR-P180-N1-K0,0
181,True,True,1,0,True,True,True,PS1-SR-P181-N1-K0,0
182,True,True,1,0,True,True,True,PS1-SR-P182-N1-K0,0
183,True,True,1,0,True,True,True,PS1-SR-P183-N1-K0,0
184,True,True,1,0,True,True,True,PS1-SR-P184-N1-K0,0
185,True,True,1,0,True,True,True,PS1-SR-P185-N1-K0,0
186,True,True,1,0,True,True,True,PS1-SR-P186-N1-K0,0
187,True,True,1,0,True,True,True,PS1-SR-P187-N1-K0,0
188,True,True,1,0,True,True,True,PS1-SR-P188-N1-K0,0
189,True,True,1,0,True,True,True,PS1-SR-P189-N1-K0,0
190,True,True,1,0,True,True,True,PS1-SR-P190-N1-K0,0
191,True,True,1,0,True,True,True,PS1-SR-P191-N1-K0,0
192,True,True,1,0,True,True,True,PS1-SR-P192-N1-K0,0
193,True,True,1,0,True,True,True,PS1-SR-P193-N1-K0,0
194,True,True,1,0,True,True,True,PS1-SR-P194-N1-K0,0
195,True,True,1,0,True,True,True,PS1-SR-P195-N1-K0,0
196,True,True,1,0,True,True,True,PS1-SR-P196-N1-K0,0
197,True,True,1,0,True,True,True,PS1-SR-P197-N1-K0,0
198,True,True,1,0,True,True,True,PS1-SR-P198-N1-K0,0
199,True,True,1,0,True,True,True,PS1-SR-P199-N1-K0,0
200,True,True,1,0,True,True,True,PS1-SR-P200-N1-K0,0
201,True,True,1,0,True,True,True,PS1-SR-P201-N1-K0,0
202,True,True,1,0,True,True,True,PS1-SR-P202-N1-K0,0
203,True,True,1,0,True,True,True,PS1-SR-P203-N1-K0,0
204,True,True,1,0,True,True,True,PS1-SR-P204-N1-K0,0
205,True,True,1,0,True,True,True,PS1-SR-P205-N1-K0,0
206,True,True,1,0,True,True,True,PS1-SR-P206-N1-K0,0
207,True,True,1,0,True,True,True,PS1-SR-P207-N1-K0,0
208,True,True,1,0,True,True,True,PS1-SR-P208-N1-K0,0
209,True,True,1,0,True,True,True,PS1-SR-P209-N1-K0,0
210,True,True,1,0,True,True,True,PS1-SR-P210-N1-K0,0
211,True,True,1,0,True,True,True,PS1-SR-P211-N1-K0,0
212,True,True,1,0,True,True,True,PS1-SR-P212-N1-K0,0
213,True,True,1,0,True,True,True,PS1-SR-P213-N1-K0,0
214,True,True,1,0,True,True,True,PS1-SR-P214-N1-K0,0
215,True,True,1,0,True,True,True,PS1-SR-P215-N1-K0,0
216,True,True,1,0,True,True,True,PS1-SR-P216-N1-K0,0
217,True,True,1,0,True,True,True,PS1-SR-P217-N1-K0,0
218,True,True,1,0,True,True,True,PS1-SR-P218-N1-K0,0
219,True,True,1,0,True,True,True,PS1-SR-P219-N1-K0,0
220,True,True,1,0,True,True,True,PS1-SR-P220-N1-K0,0
221,True,True,1,0,True,True,True,PS1-SR-P221-N1-K0,0
222,True,True,1,0,True,True,True,PS1-SR-P222-N1-K0,0
223,True,True,1,0,True,True,True,PS1-SR-P223-N1-K0,0
224,True,True,1,0,True,True,True,PS1-SR-P224-N1-K0,0
225,True,True,1,0,True,True,True,PS1-SR-P225-N1-K0,0
226,True,True,1,0,True,True,True,PS1-SR-P226-N1-K0,0
227,True,True,1,0,True,True,True,PS1-SR-P227-N1-K0,0
228,True,True,1,0,True,True,True,PS1-SR-P228-N1-K0,0
229,True,True,1,0,True,True,True,PS1-SR-P229-N1-K0,0
230,True,True,1,0,True,True,True,PS1-SR-P230-N1-K0,0
231,True,True,1,0,True,True,True,PS1-SR-P231-N1-K0,0
232,True,True,1,0,True,True,True,PS1-SR-P232-N1-K0,0
233,True,True,1,0,True,True,True,PS1-SR-P233-N1-K0,0
234,True,True,1,0,True,True,True,PS1-SR-P234-N1-K0,0
235,True,True,1,0,True,True,True,PS1-SR-P235-N1-K0,0
236,True,True,1,0,True,True,True,PS1-SR-P236-N1-K0,0
237,True,True,1,0,True,True,True,PS1-SR-P237-N1-K0,0
238,True,True,1,0,True,True,True,PS1-SR-P238-N1-K0,0
239,True,True,1,0,True,True,True,PS1-SR-P239-N1-K0,0
240,True,True,1,0,True,True,True,PS1-SR-P240-N1-K0,0
241,True,True,1,0,True,True,True,PS1-SR-P241-N1-K0,0
242,True,True,1,0,True,True,True,PS1-SR-P242-N1-K0,0
243,True,True,1,0,True,True,True,PS1-SR-P243-N1-K0,0
244,True,True,1,0,True,True,True,PS1-SR-P244-N1-K0,0
245,True,True,1,0,True,True,True,PS1-SR-P245-N1-K0,0
246,True,True,1,0,True,True,True,PS1-SR-P246-N1-K0,0
247,True,True,1,0,True,True,True,PS1-SR-P247-N1-K0,0
248,True,True,1,0,True,True,True,PS1-SR-P248-N1-K0,0
249,True,True,1,0,True,True,True,PS1-SR-P249-N1-K0,0
250,True,True,1,0,True,True,True,PS1-SR-P250-N1-K0,0
251,True,True,1,0,True,True,True,PS1-SR-P251-N1-K0,0
252,True,True,1,0,True,True,True,PS1-SR-P252-N1-K0,0
253,True,True,1,0,True,True,True,PS1-SR-P253-N1-K0,0
254,True,True,1,0,True,True,True,PS1-SR-P254-N1-K0,0
255,True,True,1,0,True,True,True,PS1-SR-P255-N1-K0,0
256,True,True,1,0,True,True,True,PS1-SR-P256-N1-K0,0
257,True,True,1,0,True,True,True,PS1-SR-P257-N1-K0,0
258,True,True,1,0,True,True,True,PS1-SR-P258-N1-K0,0
259,True,True,1,0,True,True,True,PS1-SR-P259-N1-K0,0
260,True,True,1,0,True,True,True,PS1-SR-P260-N1-K0,0
261,True,True,1,0,True,True,True,PS1-SR-P261-N1-K0,0
262,True,True,1,0,True,True,True,PS1-SR-P262-N1-K0,0
263,True,True,1,0,True,True,True,PS1-SR-P263-N1-K0,0
264,True,True,1,0,True,True,True,PS1-SR-P264-N1-K0,0
265,True,True,1,0,True,True,True,PS1-SR-P265-N1-K0,0
266,True,True,1,0,True,True,True,PS1-SR-P266-N1-K0,0
267,True,True,1,0,True,True,True,PS1-SR-P267-N1-K0,0
268,True,True,1,0,True,True,True,PS1-SR-P268-N1-K0,0
269,True,True,1,0,True,True,True,PS1-SR-P269-N1-K0,0
270,True,True,1,0,True,True,True,PS1-SR-P270-N1-K0,0
271,True,True,1,0,True,True,True,PS1-SR-P271-N1-K0,0
272,True,True,1,0,True,True,True,PS1-SR-P272-N1-K0,0
273,True,True,1,0,True,True,True,PS1-SR-P273-N1-K0,0
274,True,True,1,0,True,True,True,PS1-SR-P274-N1-K0,0
275,True,True,1,0,True,True,True,PS1-SR-P275-N1-K0,0
276,True,True,1,0,True,True,True,PS1-SR-P276-N1-K0,0
277,True,True,1,0,True,True,True,PS1-SR-P277-N1-K0,0
278,True,True,1,0,True,True,True,PS1-SR-P278-N1-K0,0
279,True,True,1,0,True,True,True,PS1-SR-P279-N1-K0,0
280,True,True,1,0,True,True,True,PS1-SR-P280-N1-K0,0
281,True,True,1,0,True,True,True,PS1-SR-P281-N1-K0,0
282,True,True,1,0,True,True,True,PS1-SR-P282-N1-K0,0
283,True,True,1,0,True,True,True,PS1-SR-P283-N1-K0,0
284,True,True,1,0,True,True,True,PS1-SR-P284-N1-K0,0
285,True,True,1,0,True,True,True,PS1-SR-P285-N1-K0,0
286,True,True,1,0,True,True,True,PS1-SR-P286-N1-K0,0
287,True,True,1,0,True,True,True,PS1-SR-P287-N1-K0,0
288,True,True,1,0,True,True,True,PS1-SR-P288-N1-K0,0
289,True,True,1,0,True,True,True,PS1-SR-P289-N1-K0,0
290,True,True,1,0,True,True,True,PS1-SR-P290-N2-K0,0
291,True,True,1,0,True,True,True,PS1-SR-P290-N2-K1,0
292,True,True,1,0,True,True,True,PS1-SR-P291-N2-K0,0
293,True,True,1,0,True,True,True,PS1-SR-P291-N2-K1,0
294,True,True,1,0,True,True,True,PS1-SR-P292-N2-K0,0
295,True,True,1,0,True,True,True,PS1-SR-P292-N2-K1,0
296,True,True,1,0,True,True,True,PS1-SR-P293-N2-K0,0
297,True,True,1,0,True,True,True,PS1-SR-P293-N2-K1,0
298,True,True,1,0,True,True,True,PS1-SR-P294-N2-K0,0
299,True,True,1,0,True,True,True,PS1-SR-P294-N2-K1,0
300,True,True,1,0,True,True,True,PS1-SR-P295-N2-K0,0
301,True,True,1,0,True,True,True,PS1-SR-P295-N2-K1,0
302,True,True,1,0,True,True,True,PS1-SR-P296-N2-K0,0
303,True,True,1,0,True,True,True,PS1-SR-P296-N2-K1,0
304,True,True,1,0,True,True,True,PS1-SR-P297-N2-K0,0
305,True,True,1,0,True,True,True,PS1-SR-P297-N2-K1,0
306,True,True,1,0,True,True,True,PS1-SR-P298-N2-K0,0
307,True,True,1,0,True,True,True,PS1-SR-P298-N2-K1,0
308,True,True,1,0,True,True,True,PS1-SR-P299-N2-K0,0
309,True,True,1,0,True,True,True,PS1-SR-P299-N2-K1,0
310,True,True,1,0,True,True,True,PS1-SR-P300-N2-K0,0
311,True,True,1,0,True,True,True,PS1-SR-P300-N2-K1,0
312,True,True,1,0,True,True,True,PS1-SR-P301-N4-K0,0
313,True,True,1,0,True,True,True,PS1-SR-P301-N4-K1,0
314,True,True,1,0,True,True,True,PS1-SR-P301-N4-K2,0
315,True,True,1,0,True,True,True,PS1-SR-P301-N4-K3,0
316,True,True,1,0,True,True,True,PS1-SR-P302-N4-K0,0
317,True,True,1,0,True,True,True,PS1-SR-P302-N4-K1,0
318,True,True,1,0,True,True,True,PS1-SR-P302-N4-K2,0
319,True,True,1,0,True,True,True,PS1-SR-P302-N4-K3,0
320,True,True,1,0,True,True,True,PS1-SR-P303-N4-K0,0
321,True,True,1,0,True,True,True,PS1-SR-P303-N4-K1,0
322,True,True,1,0,True,True,True,PS1-SR-P303-N4-K2,0
323,True,True,1,0,True,True,True,PS1-SR-P303-N4-K3,0
324,True,True,1,0,True,True,True,PS1-SR-P304-N4-K0,0
325,True,True,1,0,True,True,True,PS1-SR-P304-N4-K1,0
326,True,True,1,0,True,True,True,PS1-SR-P304-N4-K2,0
327,True,True,1,0,True,True,True,PS1-SR-P304-N4-K3,0
328,True,True,1,0,True,True,True,PS1-SR-P305-N4-K0,0
329,True,True,1,0,True,True,True,PS1-SR-P305-N4-K1,0
330,True,True,1,0,True,True,True,PS1-SR-P305-N4-K2,0
331,True,True,1,0,True,True,True,PS1-SR-P305-N4-K3,0
332,True,True,1,0,True,True,True,PS1-SR-P306-N4-K0,0
333,True,True,1,0,True,True,True,PS1-SR-P306-N4-K1,0
334,True,True,1,0,True,True,True,PS1-SR-P306-N4-K2,0
335,True,True,1,0,True,True,True,PS1-SR-P306-N4-K3,0
336,True,True,1,0,True,True,True,PS1-SR-P307-N4-K0,0
337,True,True,1,0,True,True,True,PS1-SR-P307-N4-K1,0
338,True,True,1,0,True,True,True,PS1-SR-P307-N4-K2,0
339,True,True,1,0,True,True,True,PS1-SR-P307-N4-K3,0
340,True,True,1,0,True,True,True,PS1-SR-P308-N4-K0,0
341,True,True,1,0,True,True,True,PS1-SR-P308-N4-K1,0
342,True,True,1,0,True,True,True,PS1-SR-P308-N4-K2,0
343,True,True,1,0,True,True,True,PS1-SR-P308-N4-K3,0
344,True,True,1,0,True,True,True,PS1-SR-P309-N4-K0,0
345,True,True,1,0,True,True,True,PS1-SR-P309-N4-K1,0
346,True,True,1,0,True,True,True,PS1-SR-P309-N4-K2,0
347,True,True,1,0,True,True,True,PS1-SR-P309-N4-K3,0
348,True,True,1,0,True,True,True,PS1-SR-P310-N4-K0,0
349,True,True,1,0,True,True,True,PS1-SR-P310-N4-K1,0
350,True,True,1,0,True,True,True,PS1-SR-P310-N4-K2,0
351,True,True,1,0,True,True,True,PS1-SR-P310-N4-K3,0
352,True,True,1,0,True,True,True,PS1-SR-P311-N4-K0,0
353,True,True,1,0,True,True,True,PS1-SR-P311-N4-K1,0
354,True,True,1,0,True,True,True,PS1-SR-P311-N4-K2,0
355,True,True,1,0,True,True,True,PS1-SR-P311-N4-K3,0
356,True,True,1,0,True,True,True,PS1-SR-P312-N4-K0,0
357,True,True,1,0,True,True,True,PS1-SR-P312-N4-K1,0
358,True,True,1,0,True,True,True,PS1-SR-P312-N4-K2,0
359,True,True,1,0,True,True,True,PS1-SR-P312-N4-K3,0
360,True,True,1,0,True,True,True,PS1-SR-P313-N4-K0,0
361,True,True,1,0,True,True,True,PS1-SR-P313-N4-K1,0
362,True,True,1,0,True,True,True,PS1-SR-P313-N4-K2,0
363,True,True,1,0,True,True,True,PS1-SR-P313-N4-K3,0
364,True,True,1,0,True,True,True,PS1-SR-P314-N4-K0,0
365,True,True,1,0,True,True,True,PS1-SR-P314-N4-K1,0
366,True,True,1,0,True,True,True,PS1-SR-P314-N4-K2,0
367,True,True,1,0,True,True,True,PS1-SR-P314-N4-K3,0
368,True,True,1,0,True,True,True,PS1-SR-P315-N1-K0,0
