replicate,m,h,gamma_tilde,gamma_se,target,F_plus,F_plus_se,F_minus,F_minus_se,derivative,derivative_se,discrepancy,combined_se
0,1,0.1,15.869365744274331,0.04030552898283017,-14.869365744274331,-1.1907475410963473,0.002176809347913501,1.1915280883332255,0.0021751356460882596,-11.911378147147863,0.015386450220930907,2.9579875971264684,0.04314253721081953
0,2,0.1,13.251573387311607,0.033489184579345375,-12.251573387311607,-0.974585074687005,0.0017956415293414471,0.974987432912598,0.0017959725915707892,-9.747862537998015,0.012698273555457436,2.503710849313592,0.035815801471957794
0,5,0.1,10.167944132262768,0.025038844124546586,-9.167944132262768,-0.7232420889017239,0.0013230443264906026,0.724301302824951,0.001323588618264698,-7.237716958633374,0.00935726071061775,1.9302271736293939,0.026730171026385367
0,10,0.1,7.080414333732028,0.016470736930857145,-6.080414333732028,-0.47886293570658206,0.0008632481143422932,0.4786404168406834,0.0008633981682538804,-4.7875167627363275,0.006104616498723897,1.2928975709957005,0.017565634564170846
0,20,0.1,4.250750664869493,0.009428348015033913,-3.250750664869493,-0.2565671039329622,0.0005172081870240308,0.25648497014704386,0.0005180432808997335,-2.56526037040003,0.0036601678568408754,0.6854902944694627,0.010113880315331255
0,50,0.1,2.3594373687639782,0.004671126238385583,-1.3594373687639782,-0.10886726779355091,0.0003197928371291288,0.10876840542458131,0.00032108316428313473,-1.088178366090661,0.002265843425002972,0.27125900267331726,0.0051916728288253534
0,75,0.1,1.962055643644474,0.003630343872850507,-0.962055643644474,-0.07848879482030044,0.0002881868546568884,0.07828695552479516,0.00028975199045063897,-0.783878751725478,0.0020433298752718424,0.178176891918996,0.004165884493636574
0,100,0.1,1.7757972416877772,0.0031197214692579166,-0.7757972416877772,-0.06450495234576467,0.0002757697215033208,0.064343082453497,0.00027753181595616567,-0.6442401739963083,0.001956226266092103,0.1315570676914689,0.0036823203622033517
0,1,0.05,15.869365744274331,0.04030552898283017,-14.869365744274331,-0.7001005075264339,0.002637572084469648,0.6984825304627356,0.0026379343137861405,-13.985830379891695,0.03730346357193112,0.8835353643826362,0.05491888619635467
0,2,0.05,13.251573387311607,0.033489184579345375,-12.251573387311607,-0.5756350500738842,0.0021954742946454233,0.5728413326346706,0.0021968711805890394,-11.484763827085546,0.031058574279176913,0.7668095602260614,0.04567450623755678
0,5,0.05,10.167944132262768,0.025038844124546586,-9.167944132262768,-0.4300996637867948,0.0016427061081344912,0.4284085254494231,0.0016425302700704097,-8.585081892362178,0.023230129241568892,0.5828622399005905,0.03415527220903583
0,10,0.05,7.080414333732028,0.016470736930857145,-6.080414333732028,-0.28543485306768696,0.001076127393834914,0.283982294949146,0.0010771160253109713,-5.694171480168329,0.015225731837069866,0.38624285356369903,0.022430070998992944
0,20,0.05,4.250750664869493,0.009428348015033913,-3.250750664869493,-0.15282687509078896,0.0006210330049637136,0.15186315588756627,0.000622117791674397,-3.046900309783552,0.008790406930126093,0.20385035508594074,0.012890500389426423
0,50,0.05,2.3594373687639782,0.004671126238385583,-1.3594373687639782,-0.06406879746753481,0.0003474393921794275,0.06322011551064625,0.0003488927658085098,-1.2728891297818106,0.004923822633600054,0.08654823898216768,0.006787005942393628
0,75,0.05,1.962055643644474,0.003630343872850507,-0.962055643644474,-0.04555964031288959,0.0002996144320081978,0.04498733282951075,0.00030105774111672525,-0.9054697314240034,0.0042474059301401855,0.0565859122204706,0.005587472932420633
0,100,0.05,1.7757972416877772,0.0031197214692579166,-0.7757972416877772,-0.03690574561071414,0.00027994029279619084,0.03651010360438556,0.00028143683989743636,-0.7341584921509969,0.003969549878541297,0.04163874953678026,0.005048761064258835
0,1,0.025,15.869365744274331,0.04030552898283017,-14.869365744274331,-0.36778225774279755,0.002790195358781697,0.36909670126068267,0.002790730325686341,-14.737579180069604,0.07892620829831447,0.13178656420472734,0.08862213054838326
0,2,0.025,13.251573387311607,0.033489184579345375,-12.251573387311607,-0.3019752110118644,0.002325501033030369,0.3046288666904654,0.0023259104226508996,-12.132081554046596,0.06578089190280532,0.11949183326501078,0.07381497966753106
0,5,0.025,10.167944132262768,0.025038844124546586,-9.167944132262768,-0.22633063295479725,0.0017459526947468439,0.2284896219763242,0.0017455276051951741,-9.096405098622428,0.04937698829532706,0.07153903364033987,0.055362719299274
0,10,0.025,7.080414333732028,0.016470736930857145,-6.080414333732028,-0.15027345524986055,0.0011452036472885828,0.1518582664410076,0.001144395350314521,-6.042634433817363,0.032379821565812046,0.037779899914665016,0.03632819868475904
0,20,0.025,4.250750664869493,0.009428348015033913,-3.250750664869493,-0.08024146612747696,0.0006557888047666094,0.08088561602617429,0.0006555950720727057,-3.2225416430730247,0.018545768843412604,0.028209021796468114,0.020804790032247084
0,50,0.025,2.3594373687639782,0.004671126238385583,-1.3594373687639782,-0.033457917118801785,0.00035806229593154476,0.03382342832943741,0.00035751798917532136,-1.3456269089647837,0.010119836369264758,0.013810459799194597,0.011145874056153155
0,75,0.025,1.962055643644474,0.003630343872850507,-0.962055643644474,-0.02360863007242109,0.0003050242150358924,0.024055474723847767,0.0003045552379113431,-0.953282095925377,0.008620757848298423,0.008773547719096997,0.009353975759758097
0,100,0.025,1.7757972416877772,0.0031197214692579166,-0.7757972416877772,-0.019065130861030215,0.0002829050130684252,0.019378049068406615,0.00028239351322932734,-0.7688635985887365,0.007994531699436761,0.006933643099040654,0.008581678107401139
0,1,0.0125,15.869365744274331,0.04030552898283017,-14.869365744274331,-0.18719893443314403,0.0028307932078308665,0.18231927078095417,0.0028326769490729102,-14.780728208563927,0.16018713498061132,0.08863753571040434,0.1651800650196093
0,2,0.0125,13.251573387311607,0.033489184579345375,-12.251573387311607,-0.1532259969505782,0.0023607218861284285,0.15007445300951824,0.0023618033247144194,-12.132017998403857,0.1335731875386844,0.11955538890775053,0.13770737784532106
0,5,0.0125,10.167944132262768,0.025038844124546586,-9.167944132262768,-0.11523228550857731,0.001773291901382253,0.11231146734332317,0.0017743527150848406,-9.101750114076019,0.10034254710768972,0.0661940181867493,0.10341939119503786
0,10,0.0125,7.080414333732028,0.016470736930857145,-6.080414333732028,-0.07634117880311969,0.001163356182919025,0.0744566782962212,0.001164264596913486,-6.031914283973636,0.06583506251185058,0.04850004975839184,0.06786413361257015
0,20,0.0125,4.250750664869493,0.009428348015033913,-3.250750664869493,-0.040586050777392385,0.0006652644409819568,0.0398023443969588,0.0006655922521442411,-3.215535806974047,0.0376423128417897,0.03521485789544565,0.03880512159975484
0,50,0.0125,2.3594373687639782,0.004671126238385583,-1.3594373687639782,-0.017152585229278823,0.00036080024786746835,0.01638829090337986,0.0003620114999353096,-1.3416350453063475,0.020444232240772034,0.017802323457630775,0.020971076563914334
0,75,0.0125,1.962055643644474,0.003630343872850507,-0.962055643644474,-0.012235509473548022,0.0003063608747337244,0.011482803815969026,0.0003079085499548304,-0.9487325315806818,0.017374218173047053,0.01332311206379222,0.017749446576155035
0,100,0.0125,1.7757972416877772,0.0031197214692579166,-0.7757972416877772,-0.00988276300290586,0.0002835994127242715,0.009109401595769073,0.0002851778428186252,-0.7596865839469974,0.016087512122499793,0.0161106577407798,0.016387211731631667
1,1,0.1,15.90603396037985,0.04031870593695188,-14.90603396037985,-1.194293173804953,0.0021715615007709397,1.1916115385546697,0.002174942251037745,-11.929523561798113,0.015367216035264543,2.976510398581736,0.04314799389432712
1,2,0.1,13.264722553864644,0.03352626479725655,-12.264722553864644,-0.9774919894838833,0.0017920026999906106,0.9750123096944278,0.001793564184579487,-9.762521495891555,0.012676894494492646,2.502201057973089,0.03584290843779647
1,5,0.1,10.201654017361736,0.024989338980138852,-9.201654017361736,-0.7262700867852062,0.0013207497806496688,0.7254258723888316,0.0013222115508451761,-7.25847979587019,0.009344280828767072,1.9431742214915468,0.026679254990931642
1,10,0.1,7.095209169143058,0.016470795994721756,-6.095209169143058,-0.4803137520488863,0.000861582287815219,0.47981445098399267,0.000861620277700364,-4.800641015164395,0.006092441098651178,1.2945681539786635,0.01756146233205755
1,20,0.1,4.256880901020692,0.009434807427990839,-3.2568809010206916,-0.2572673267656371,0.0005169320340571272,0.25687097320527763,0.0005170491163609556,-2.570691499854574,0.003655675438835086,0.6861894011661178,0.010118278219014004
1,50,0.1,2.3589157991075433,0.004674572700225076,-1.3589157991075433,-0.10913628242386121,0.00032097437952098714,0.10916619456994411,0.00032040120558717944,-1.0915123849690267,0.002267606033080927,0.26740341413851665,0.005195542998662851
1,75,0.1,1.9626545979098762,0.0036320506301257957,-0.9626545979098762,-0.07869180481499798,0.0002896584854851777,0.07891260347824249,0.00028906811126686895,-0.7880220414662022,0.0020461085697303662,0.17463255644367393,0.004168735067010284
1,100,0.1,1.775294527673101,0.003124381640087574,-0.7752945276731009,-0.06468613174052945,0.0002774604187664003,0.06477396548306519,0.00027686654247531214,-0.6473004861179732,0.001959842891179418,0.12799404155512772,0.0036881899071255562
1,1,0.05,15.90603396037985,0.04031870593695188,-14.90603396037985,-0.6990955688117706,0.002642360129574041,0.6965247201821134,0.002641666691931527,-13.95620288993884,0.037363712296321676,0.9498310704410091,0.054969491947740416
1,2,0.05,13.264722553864644,0.03352626479725655,-12.264722553864644,-0.5738380670029022,0.002197278447165724,0.5728829175455104,0.00219741017387079,-11.467209845484124,0.03107514126534242,0.7975127083805198,0.04571296135579877
1,5,0.05,10.201654017361736,0.024989338980138852,-9.201654017361736,-0.4286885146176022,0.001643493677564031,0.42818889566703516,0.0016433967695131894,-8.568774102846373,0.023241825251557435,0.6328799145153639,0.034126961536125947
1,10,0.05,7.095209169143058,0.016470795994721756,-6.095209169143058,-0.2842060690869218,0.0010769854259485513,0.2838928890223879,0.0010775553578941317,-5.680989581093097,0.015234904519004812,0.41421958804996173,0.022436341867669414
1,20,0.05,4.256880901020692,0.009434807427990839,-3.2568809010206916,-0.15189633900445693,0.0006223180122003432,0.15147008686377902,0.0006227417031653757,-3.033664258682359,0.008803902186929948,0.2232166423383326,0.012904428887800539
1,50,0.05,2.3589157991075433,0.004674572700225076,-1.3589157991075433,-0.06330626267982835,0.00034933022960346473,0.06331211880275127,0.00034962997198386444,-1.266183814825796,0.004942395437682493,0.09273198428174734,0.0068028598833221815
1,75,0.05,1.9626545979098762,0.0036320506301257957,-0.9626545979098762,-0.04492745256328388,0.0003016706631248684,0.04519208423760854,0.00030214970648901343,-0.9011953680089241,0.004269656123408474,0.061459229900952095,0.00560551114457519
1,100,0.05,1.775294527673101,0.003124381640087574,-0.7752945276731009,-0.036383866755178906,0.0002820839092001845,0.03641702584885515,0.00028254303606184015,-0.7280089260403405,0.0039925167383080586,0.04728560163276041,0.005069709117748901
1,1,0.025,15.90603396037985,0.04031870593695188,-14.90603396037985,-0.3674186573952094,0.0027926960153837055,0.36398962802497326,0.002792102025695146,-14.628165708403653,0.078980971774804,0.27786825197619613,0.08867689637624213
1,2,0.025,13.264722553864644,0.03352626479725655,-12.264722553864644,-0.3018263615544728,0.002326892651242225,0.30018287542641353,0.002327523771769248,-12.040184739617725,0.06582338890867294,0.22453781424691854,0.07386967550137317
1,5,0.025,10.201654017361736,0.024989338980138852,-9.201654017361736,-0.22579690630659754,0.0017465199403920526,0.2252108791611884,0.0017469517771636566,-9.020155709355718,0.04940515120479773,0.1814983080060184,0.055365476862691373
1,10,0.025,7.095209169143058,0.016470795994721756,-6.095209169143058,-0.14970140605035134,0.0011461714684150017,0.1491027109279853,0.0011454110308082113,-5.976082339566733,0.03240787228131912,0.11912682957632548,0.03635322965710247
1,20,0.025,4.256880901020692,0.009434807427990839,-3.2568809010206916,-0.08033741154942421,0.0006571243518531221,0.08014649404140409,0.000656024762889319,-3.209678111816566,0.01857073938562892,0.04720278920412557,0.020829977257122014
1,50,0.025,2.3589157991075433,0.004674572700225076,-1.3589157991075433,-0.03386488978497463,0.0003593702520977648,0.03371410007709545,0.0003587046634638252,-1.3515797972414016,0.010155117206285844,0.007336001866141695,0.01117935755770842
1,75,0.025,1.9626545979098762,0.0036320506301257957,-0.9626545979098762,-0.02407539902225327,0.00030657772372527284,0.024044072153773865,0.0003058374399242903,-0.9623894235205427,0.008660864629908808,0.000265174389333489,0.009391611571897692
1,100,0.025,1.775294527673101,0.003124381640087574,-0.7752945276731009,-0.019372911594546342,0.0002847236652374019,0.019539071530340044,0.0002838835595461495,-0.7782396624977278,0.008041329266403965,-0.0029451348246268827,0.0086269772808117
1,1,0.0125,15.90603396037985,0.04031870593695188,-14.90603396037985,-0.19010297318544345,0.0028291510712328857,0.18626757182087775,0.0028336953058639234,-15.054821800252846,0.16016953453304866,-0.14878783987299649,0.16516621277054175
1,2,0.0125,13.264722553864644,0.03352626479725655,-12.264722553864644,-0.15640022264323553,0.0023593969900896623,0.15361823118026177,0.002362640841929417,-12.40073815293989,0.1335594303958929,-0.13601559907524674,0.1377030568975545
1,5,0.0125,10.201654017361736,0.024989338980138852,-9.201654017361736,-0.11748908578918676,0.0017735864523602996,0.11399889798625953,0.0017747277366683926,-9.259519351017852,0.10036148618505891,-0.05786533365611568,0.10342579451924969
1,10,0.0125,7.095209169143058,0.016470795994721756,-6.095209169143058,-0.07762577645210662,0.0011637293656697276,0.07622115455650762,0.0011639162204018622,-6.15387724034457,0.06583575933653835,-0.058668071201511296,0.0678648239378718
1,20,0.0125,4.256880901020692,0.009434807427990839,-3.2568809010206916,-0.04119654907930071,0.0006650738458340543,0.04095876806517209,0.0006659423420547017,-3.286212685778912,0.03764683090734307,-0.02933178475822018,0.03881107404555242
1,50,0.0125,2.3589157991075433,0.004674572700225076,-1.3589157991075433,-0.016974915851784254,0.0003611029567875909,0.017211910962560868,0.0003623719974455064,-1.367473072573805,0.020462993326818512,-0.008557273466261561,0.02099013401155668
1,75,0.0125,1.9626545979098762,0.0036320506301257957,-0.9626545979098762,-0.01199348478000917,0.00030687152589626074,0.012248378370102685,0.000308270713698315,-0.9696745260044742,0.017398894968587767,-0.00701992809459806,0.01777395110569808
1,100,0.0125,1.775294527673101,0.003124381640087574,-0.7752945276731009,-0.009704966120709162,0.0002840961297155543,0.009877038006896217,0.00028571390914945244,-0.783280165104215,0.01611672665528921,-0.007985637431114134,0.016416779182112002
