cell_id,m,rho,policy,n_replicates,n_cycles,burn_in,master_seed,mean_reference_error,mean_reference_error_ci_low,mean_reference_error_ci_high,mean_reference_error_replicate_sd,sd_reference_error,sd_reference_error_ci_low,sd_reference_error_ci_high,sd_reference_error_replicate_sd,rmse_reference_error,rmse_reference_error_ci_low,rmse_reference_error_ci_high,rmse_reference_error_replicate_sd,cycle_arl,cycle_arl_ci_low,cycle_arl_ci_high,cycle_arl_replicate_sd,median_tau,median_tau_ci_low,median_tau_ci_high,median_tau_replicate_sd,alternation_rate,alternation_rate_ci_low,alternation_rate_ci_high,alternation_rate_replicate_sd,alarm_up_proportion,alarm_up_proportion_ci_low,alarm_up_proportion_ci_high,alarm_up_proportion_replicate_sd,acf_e_lag1,acf_e_lag1_ci_low,acf_e_lag1_ci_high,acf_e_lag1_replicate_sd,acf_e_lag2,acf_e_lag2_ci_low,acf_e_lag2_ci_high,acf_e_lag2_replicate_sd,acf_e_lag3,acf_e_lag3_ci_low,acf_e_lag3_ci_high,acf_e_lag3_replicate_sd,acf_direction_lag1,acf_direction_lag1_ci_low,acf_direction_lag1_ci_high,acf_direction_lag1_replicate_sd,fraction_abs_e_gt_1,fraction_abs_e_gt_1_ci_low,fraction_abs_e_gt_1_ci_high,fraction_abs_e_gt_1_replicate_sd
gate4.1-pilot-bfedb977d6dc,1,0.0,fresh,20,500,200,20260820,-0.002202938419405584,-0.016136493603822386,0.011392403966183483,0.03318061497530454,1.0037299275448746,0.9914682318511372,1.0162389061711838,0.029265952758594962,1.0032500885230118,0.9909153550125903,1.0153308040313342,0.029215751504327155,83.0844,79.90725250000001,86.1900325,7.550386162309847,15.65,15.0,16.3,1.6311119875071343,0.4993987975951904,0.49107715430861715,0.5092184368737473,0.021813717975617417,0.5056,0.4997,0.5114,0.014195625716173435,0.0013479175592967462,-0.015972675311047523,0.01868172394037355,0.04145029341128526,-0.008266932677264695,-0.026476708372837197,0.010500842765013644,0.04424683033532121,0.008339997062917218,-0.008645803558597039,0.025290940389203567,0.04039304395710031,0.0003320807662342502,-0.020570256015892286,0.017799271299772317,0.04330129736298682,0.3223999999999999,0.3113,0.3331,0.02511950385027958
gate4.1-pilot-ff22504077fb,1,0.02,partial_reuse,20,500,200,20260820,-0.0017684150840490212,-0.015314846802260414,0.01118499530809753,0.03202436904902084,0.9841498216625755,0.9722474612374925,0.9962914089957133,0.028476248871928435,0.9836627015653951,0.9716720163558131,0.9952327456510792,0.028426821792101875,86.24340000000001,82.93445249999999,89.7612675,8.040355428121712,16.175,15.45,16.925,1.7112245538456403,0.5093186372745491,0.49909819639278563,0.520941883767535,0.025682554991391767,0.5045999999999999,0.49719749999999996,0.5115000000000001,0.01693454892722039,-0.014309759799753569,-0.03154522530455377,0.002945265783354075,0.04145624127625366,-0.008050266443296258,-0.026509704373309455,0.010731282466427253,0.044398197697477756,0.009086823674962136,-0.008160516768563005,0.02621130945744567,0.04083589757073929,-0.019770356800381046,-0.043849905034974115,0.0013675190552940128,0.051201655321011216,0.31229999999999997,0.3011975,0.323,0.024651465206800696
gate4.1-pilot-df9d386a0c6b,1,0.05,partial_reuse,20,500,200,20260820,-0.0008720550195643106,-0.014114807354644427,0.011872554499982773,0.03111130080304841,0.9565234386928871,0.9448431215221142,0.9685179005918998,0.028041913254123627,0.9560482288698722,0.9444587011208267,0.9675305555520072,0.02800026170811074,89.1011,86.149215,92.22133750000002,7.160700979358757,16.775,16.1,17.45,1.5683967677385184,0.5234468937875751,0.5121217434869738,0.5352705410821643,0.027133877485502486,0.5053000000000002,0.4984974999999999,0.5116025000000001,0.015937707686985287,-0.03847170197952267,-0.05610560701501748,-0.021203753512135555,0.04159288555633909,-0.006175153163443256,-0.024848520712615497,0.012892171016627344,0.04556443938513453,0.011755680430783219,-0.005480341562023184,0.029490356152771888,0.04215343341907415,-0.04789964239815726,-0.07271605106136386,-0.025757523690060777,0.053905018252936726,0.2986,0.2873,0.3098024999999999,0.025307373587449503
gate4.1-pilot-6dc3eb442942,1,0.1,partial_reuse,20,500,200,20260820,-0.0004759385705778354,-0.0126635699575256,0.010856593034432767,0.027784350443824612,0.9161920159974443,0.9052148391119583,0.9274936315126946,0.02630358930363859,0.9156754910399878,0.9046246069305041,0.9267610235938192,0.026297050193090345,93.7451,90.0328,97.215855,8.411327361925329,18.325,17.45,19.25,2.1043501309630512,0.5569138276553106,0.5468937875751503,0.5683366733466934,0.025761648273212538,0.5034,0.49669749999999996,0.51,0.01562858379953052,-0.08845763099927165,-0.10654467128249456,-0.0704429852422197,0.04227900060629466,0.00044912271372841826,-0.0176290120545099,0.019083396749986586,0.04404537338415694,0.01356075500983096,-0.0058323968585002745,0.0333895042678371,0.04714289085488595,-0.11465523075166788,-0.1383910643236037,-0.09184572260571422,0.05118276037508401,0.2777,0.26650000000000007,0.28859999999999997,0.025175384803414615
gate4.1-pilot-d93494ce4252,1,0.25,partial_reuse,20,500,200,20260820,-0.003013681630526318,-0.013460599496314674,0.007066006933813229,0.023409101243464653,0.8403543988201383,0.8308842711480353,0.8499474231013711,0.022978069784530767,0.8398267624228731,0.8299135107886567,0.8493954636744994,0.02304210385685488,98.08089999999999,94.5640925,101.4547575,8.114758133698198,21.225,20.25,22.275624999999994,2.3812590654614008,0.6594188376753507,0.6478932865731462,0.6714453907815632,0.027350159745247703,0.4997999999999999,0.4947000000000001,0.5044000000000001,0.011678139722079938,-0.25060639878733115,-0.27035177440849384,-0.22891061509142183,0.048838080942604195,0.05884897792524487,0.03681473647220321,0.08226817548232439,0.054812638058654696,-0.00252450856667241,-0.026023761977773688,0.021382258218462527,0.05703713809267957,-0.31889241545285685,-0.3432359739485261,-0.2949426087056447,0.05489695167036306,0.23230000000000003,0.2238975,0.2413,0.020149702884057364
gate4.1-pilot-26cc5a98e2ae,1,0.5,partial_reuse,20,500,200,20260820,-0.0029870623031805895,-0.01350542050679538,0.00871192005791548,0.026133548418386627,0.9080069428485775,0.9009677829257537,0.9144637486225937,0.015530751880590785,0.9074608534410743,0.9008615326095584,0.9140554264884545,0.015521701154117256,84.6797,81.019975,88.10298999999999,8.2558184974694,15.7,15.225,16.225624999999997,1.1742858972247996,0.8370741482965933,0.8304584168336673,0.8434869739478957,0.01587439609888897,0.5009999999999999,0.4976,0.505,0.008717797887081356,-0.4652612443372652,-0.48011510851843997,-0.44911672480933645,0.03706739467621397,0.2912727508999322,0.26950764226001,0.30936800666455344,0.04642152266978493,-0.18331579078242993,-0.20523522858720386,-0.16155983334450258,0.050341432974808954,-0.6732720159732937,-0.68616252885672,-0.658891644426232,0.03167101689480823,0.292,0.2855,0.2992,0.01615712324576833
gate4.1-pilot-70db68c1d113,1,1.0,full_reuse,20,500,200,20260820,-0.003159312747772412,-0.023343271886807227,0.015216894749306022,0.044265603209550995,1.3701047074279802,1.3607206363478102,1.379545269674105,0.02212312322643094,1.3694180239961196,1.360198690988754,1.3785349043253483,0.022059603129813345,49.403800000000004,46.82376000000001,52.76986499999999,6.807117819644839,8.375,8.175,8.575,0.48327283347913047,0.895691382765531,0.8897795591182366,0.9014028056112224,0.013630278798530146,0.4996999999999999,0.4968000000000001,0.503,0.007116326669227459,-0.5002209518554366,-0.5149322895411719,-0.4858687550680191,0.03522850582370938,0.3981314698018087,0.372685959318941,0.42582939185021146,0.06077897931896654,-0.2978279099437675,-0.32537449149940123,-0.27170778592357336,0.06206779024232411,-0.7901433143736415,-0.8018840025271773,-0.7790535209414996,0.02715501352790732,0.5272000000000001,0.5199999999999999,0.5346,0.017488642931312526
gate4.1-pilot-ace7b3bd1a2b,5,0.0,fresh,20,500,200,20260820,-0.0009851840112073658,-0.007216459323327482,0.005094837939104895,0.014838822124005691,0.4488816698082557,0.44339807279013305,0.45447585511575944,0.013088131958903166,0.4486670792740271,0.4431508187512978,0.45406973949271606,0.013065681275483455,164.60660000000001,159.15205,170.07555749999997,13.038716454427076,60.6,57.425,64.1,8.023977226183769,0.4999999999999999,0.49087925851703407,0.509318637274549,0.021302897420309913,0.506,0.4981999999999999,0.5141,0.018761663039293736,0.0013479175592967516,-0.015972675311047527,0.018681723940373565,0.04145029341128527,-0.008266932677264697,-0.026476708372837204,0.010500842765013656,0.04424683033532122,0.008339997062917225,-0.008645803558597034,0.02529094038920356,0.040393043957100305,-0.00146281517336137,-0.02001800786085099,0.017865970272114153,0.042118208158909126,0.026300000000000007,0.023600000000000003,0.029100000000000004,0.006497772897814985
gate4.1-pilot-47cd9537dab7,5,0.02,partial_reuse,20,500,200,20260820,-0.0007540904849636257,-0.006721335930295612,0.004979115660393405,0.014031338550255968,0.44048731466431745,0.43515656784142714,0.44599246549833876,0.01281136089381939,0.4402600713169349,0.4349269715093906,0.4455509917639169,0.012785748523430271,165.46640000000002,160.64907250000005,170.571945,11.883406468907099,62.825,60.0,65.875,7.178687389180486,0.5167334669338677,0.5074148296593186,0.5263552104208417,0.021674466869664295,0.5045999999999999,0.4969,0.5120000000000001,0.018065378344691334,-0.01995941973807186,-0.03751225294182366,-0.0023437058981269597,0.0416124606278482,-0.008011961071455315,-0.026153047436643807,0.010734928395028332,0.043997151018818764,0.010235628323769282,-0.006826563746410549,0.02728210887927515,0.04101472612389021,-0.03475618831594012,-0.053933655144696,-0.01603033053199633,0.04331324132285259,0.023900000000000005,0.0216,0.026600000000000006,0.005821014561596267
gate4.1-pilot-dbf86c2acb83,5,0.05,partial_reuse,20,500,200,20260820,-0.00014360969415816725,-0.00564115100602366,0.00509944525675788,0.0127630550124096,0.42917547647771875,0.4238806391916794,0.43469987092766155,0.012902166104977728,0.4289265866197344,0.4236117786562081,0.43428378637609955,0.012887670575983338,170.6855,164.9280975,175.9454125,12.85756149222378,66.575,64.1,69.225,6.222359934775128,0.5405811623246494,0.5301578156312624,0.5522044088176351,0.026313464290465827,0.5079,0.5003,0.5155,0.018312779546995117,-0.05509848898641058,-0.07326736763032812,-0.03717543202198149,0.04220040847528916,-0.0058209249550085565,-0.02445197043753843,0.013082911802761195,0.04494044268347221,0.010446196680539995,-0.006385284860367793,0.027965551279479302,0.04146252799691661,-0.08264550939725124,-0.10589190257812577,-0.06100453228432772,0.05298837711203635,0.0206,0.0181,0.023300000000000005,0.006227274473509342
gate4.1-pilot-ca0b95d6a9c0,5,0.1,partial_reuse,20,500,200,20260820,2.888701834218117e-05,-0.005030020803462765,0.004759438721112238,0.011518622415365639,0.41416455718201456,0.4095434841134585,0.41882783705178595,0.011131352073973106,0.4139021511295735,0.4093511452850462,0.4184327017833601,0.011133020806853034,174.2927,169.96108749999996,179.46961249999998,11.104545399828043,67.625,64.824375,70.675625,6.682410138801561,0.5798597194388776,0.5689378757515031,0.5909819639278557,0.0257565197194819,0.5031,0.4958,0.5108,0.017561620833960345,-0.11988533753730582,-0.13826244174261734,-0.10058133376218562,0.044228630838946625,0.012235393557109845,-0.004893314269443084,0.029890787089755726,0.04153287810206709,0.012725522251460411,-0.003419308115662554,0.02977516441122779,0.04004816707304346,-0.16080459170538539,-0.18370602985765544,-0.13816622982067092,0.05217361435405506,0.016600000000000004,0.014897500000000006,0.0187,0.004546832327074126
gate4.1-pilot-97292ca27f72,5,0.25,partial_reuse,20,500,200,20260820,-0.000210594503228079,-0.00416550157785307,0.0035210908477525415,0.009107043457391118,0.4109817310910803,0.40661636443650206,0.41537430228705485,0.010186152368578028,0.4106672596731317,0.40655607671086025,0.41502986389176144,0.010145339121474552,171.46049999999997,167.24739749999998,176.080085,10.16432120859917,66.675,63.6,69.475625,6.667428684519834,0.7260521042084169,0.7161322645290581,0.73687625250501,0.023551638113034387,0.5017,0.49669999999999986,0.5068,0.012126959960960417,-0.3147254775395797,-0.3340268258140753,-0.29638250151684403,0.04445117423684754,0.12091927444940417,0.10099214579729578,0.13976944217827258,0.046478074222637424,-0.05151650262742487,-0.06924900655838974,-0.03338020175645557,0.042760757304871125,-0.4520305890112352,-0.4729895977230378,-0.4311009193781439,0.04744668674884385,0.0126,0.0108,0.014600000000000002,0.004546832327074126
gate4.1-pilot-41be98d7d057,5,0.5,partial_reuse,20,500,200,20260820,-0.001410840568589591,-0.006296407285105462,0.0033802091145309623,0.011343643375349736,0.49498690649551624,0.4919011634757844,0.4982048662741203,0.007515437767445352,0.4946164845778126,0.49139416485916465,0.49773109161391355,0.007562505414325974,125.8808,120.995195,131.43584749999997,11.777600996003073,40.9,39.599375,42.250625,3.0633658818880565,0.8965931863727455,0.8901803607214429,0.9036072144288578,0.015997748318156983,0.5,0.4971,0.5027999999999999,0.006712125712391526,-0.527466516016475,-0.5411728416212129,-0.5137993008920645,0.031530825216856066,0.43788657726173985,0.4132422870163534,0.4627236294495914,0.05828208695179734,-0.33320042246451126,-0.3614327960870895,-0.303857226480678,0.06702026826320479,-0.7918894452199791,-0.8063112665241887,-0.7781920592090759,0.031926633127457076,0.020900000000000002,0.0188,0.022800000000000004,0.004655500425359911
gate4.1-pilot-e866825ee0b8,5,1.0,full_reuse,20,500,200,20260820,0.0005194613720728304,-0.013666712545747856,0.01535203900210035,0.034129148248477,0.7438504310125238,0.7394428768905934,0.7482899262702783,0.010063359289688753,0.7438545207639773,0.7395903524044374,0.7479815687181526,0.00974045369388909,82.4926,79.59332,85.459805,6.995519411135884,19.175,18.775,19.55,0.8777213321106565,0.92374749498998,0.9185370741482967,0.9292585170340681,0.012514603807424505,0.4991,0.49709999999999993,0.5012000000000001,0.004833000593507324,-0.49972454566608215,-0.512651919843369,-0.48729496238887887,0.02994388425220089,0.516571939777547,0.49218861176029194,0.5411885439451224,0.05723897233846113,-0.4172830949828198,-0.4349322440128037,-0.39860829905342315,0.04122970129101409,-0.8459707479068788,-0.856931590896266,-0.8351069340763103,0.024974778386514657,0.1882,0.1815975,0.19480000000000003,0.015504159034543637
gate4.1-pilot-fc82ef72057c,10,0.0,fresh,20,500,200,20260820,-0.0006966302950412919,-0.0051028073236817455,0.0036025944557875654,0.010492631748705393,0.31740727267175833,0.31352978403494947,0.32136295903790846,0.009254706861204796,0.31725553424982683,0.31335494902741323,0.32107579192690866,0.009238831830716446,212.30599999999995,206.56270500000002,217.97269,12.833785493971105,97.175,93.149375,101.25,9.78757940076686,0.5014028056112224,0.49288326653306597,0.5104233466933867,0.021024246461175032,0.5067999999999999,0.4999975,0.5136,0.01612320981494822,0.0013479175592967462,-0.015972675311047534,0.018681723940373558,0.04145029341128527,-0.00826693267726469,-0.026476708372837204,0.010500842765013656,0.04424683033532121,0.008339997062917225,-0.008645803558597029,0.025290940389203577,0.040393043957100305,-0.003979964721507129,-0.02202842638226553,0.014297072439411165,0.04184045998538597,0.0019000000000000002,0.001,0.0031000000000000003,0.002468752081944492
gate4.1-pilot-50edbc856820,10,0.02,partial_reuse,20,500,200,20260820,-0.0004924284436518324,-0.0047111020927927605,0.0035509312851964504,0.010017261704298619,0.3113755711189447,0.30761533876696795,0.31527864855795257,0.009106301487993936,0.3112177342225936,0.30737890998312556,0.3149104393058135,0.009093107691604716,215.54629999999997,210.0717425,220.35096500000003,11.736818940949524,101.725,97.9,105.700625,9.279965687323134,0.5175350701402806,0.505508517034068,0.5307640280561121,0.029602215002460314,0.5067,0.4987000000000001,0.5144000000000001,0.018425097300321536,-0.02116294693482252,-0.03861022841934918,-0.003711651289065649,0.04158103275585961,-0.0076943655620629,-0.0261717240623246,0.011469403234751796,0.0449067937511956,0.009276107903616704,-0.007870062416762245,0.02649196362238895,0.04096495584259601,-0.03652433783798348,-0.06365551874865145,-0.011959655190737462,0.05932060462443766,0.0017000000000000001,0.0009000000000000001,0.0027,0.0021788456625132105
gate4.1-pilot-5164f7936693,10,0.05,partial_reuse,20,500,200,20260820,-0.0003342893365566102,-0.004314340539875722,0.0035432942324213827,0.00944698036038739,0.30324502368644746,0.29973431956318747,0.30691494108875683,0.008521670673198239,0.3030817968524514,0.29947887672893003,0.30670696756487387,0.008509968492129498,216.14489999999995,211.63859999999997,220.59020249999995,10.391167939522887,105.25,101.75,108.925625,8.603090020146066,0.5396793587174349,0.5325626252505009,0.548496993987976,0.018901301189527972,0.5044000000000002,0.4982000000000001,0.5108,0.014833816274416987,-0.05671050808207688,-0.07420541111321292,-0.03953061236908112,0.0411180242303735,-0.004783003918739962,-0.02245427592227367,0.013451598612139916,0.042912543141855476,0.012913767317416568,-0.004794262195527986,0.030852961812410363,0.04332093616570256,-0.08019096972667188,-0.0976426295879218,-0.0652455675063677,0.03824788136731336,0.0013000000000000002,0.0005,0.002300000000000001,0.002178845662513211
gate4.1-pilot-a18681a54032,10,0.1,partial_reuse,20,500,200,20260820,-0.0003469764451575698,-0.003853512160297676,0.0032745076292020766,0.008511392785358063,0.29363102270358665,0.28983090164083475,0.2973512188842254,0.009097341357559303,0.2934550084493024,0.2897539680447779,0.29710605407589125,0.009078920416837048,221.5809,216.30664749999997,227.0913825,12.515618360146739,106.925,103.374375,110.350625,8.176144696937742,0.5819639278557115,0.5728456913827655,0.5925901803607215,0.023857487404588817,0.5022,0.4960974999999999,0.5082000000000001,0.014420745290616656,-0.12006895568876168,-0.13784808187219616,-0.10247593178398935,0.04118171835397698,0.0043210765282436035,-0.015616574466117363,0.02466701580582331,0.048030120549313354,0.011676024270273547,-0.010341161289438818,0.03374659030491021,0.05254588369337977,-0.16453755281093235,-0.18792262045181377,-0.14604658419667244,0.04781337629249596,0.0007,0.0002,0.0013000000000000002,0.0013416407864998735
gate4.1-pilot-3bfe6fc600ec,10,0.25,partial_reuse,20,500,200,20260820,0.0014743213141931678,-0.0008831238255276734,0.0038089814600357984,0.005452601188677386,0.2897241652320858,0.28643863641971634,0.29310325236819135,0.00785204532175453,0.2894864894293301,0.2861348524641017,0.29285025358633576,0.007857738708118551,218.32239999999996,214.1988425,222.4894375,9.796378140602995,107.775,105.175,110.175,5.845544862272644,0.7220440881763527,0.7138276553106213,0.7307640280561122,0.019452410700719444,0.5038999999999999,0.4978000000000001,0.51,0.014443720179772914,-0.31619701187083704,-0.3344380455123734,-0.29796206678280984,0.04323017273919021,0.11437761223056922,0.09221998615796452,0.13500616143926508,0.05124404641453456,-0.036873933451258264,-0.05994518415340071,-0.013134144318632414,0.05436692519070204,-0.4444153002112639,-0.46187660615858633,-0.4271216292027905,0.039162768088668774,0.0005,0.0,0.0010999999999999998,0.0012773327473170103
gate4.1-pilot-2f88f2a8207a,10,0.5,partial_reuse,20,500,200,20260820,-0.0013504263991878007,-0.004475452148365821,0.0021821720015482936,0.0077001940091371325,0.3432484368321316,0.3409133338854275,0.3454346298823412,0.005505826038960499,0.3429901552442321,0.34053709644294594,0.34524194163911276,0.0054769009520906345,165.14200000000002,161.44089999999997,168.86200750000003,8.887849138896849,74.075,72.1,76.075625,4.799328352132092,0.8981963927855711,0.8905811623246492,0.9051127254509018,0.017622321237460666,0.5005999999999999,0.4978974999999999,0.5035,0.006620542194365088,-0.5565147510057088,-0.5760094012719138,-0.5359950664228341,0.04653561388733224,0.46169349535871973,0.4374041240059699,0.48399658729429457,0.052837162762030015,-0.3632390162028202,-0.3840494412124713,-0.3405786648462772,0.05142024286048546,-0.7950876989125404,-0.8086063013891164,-0.7782921030416258,0.03522581292175368,0.0,0.0,0.0,0.0
gate4.1-pilot-dad32849cf6b,10,1.0,full_reuse,20,500,200,20260820,-0.0054408699605984585,-0.01141695202537033,-3.8930785794591236e-05,0.01335220683135473,0.5093386137933423,0.505835486520515,0.512617063396372,0.007984140169147048,0.5090231911281382,0.5054928174791944,0.5124621071634312,0.008063642945189256,102.8243,99.29505250000001,105.98263999999999,7.828486720070221,35.9,34.95,36.9,2.314712668311578,0.9432865731462925,0.9380761523046092,0.9480986973947897,0.012457469828038057,0.501,0.4993,0.5027,0.003811340418996145,-0.5679557829552644,-0.5856905715489138,-0.5513828757793743,0.039711725710346285,0.6307599531018961,0.6064884476250216,0.6555907375171175,0.0584934797511142,-0.5088107801869295,-0.53180315305575,-0.48608372257844495,0.05487471391224087,-0.8849105583615359,-0.8954999876349914,-0.8739591588153517,0.024836168962509567,0.012100000000000001,0.009600000000000001,0.014799999999999999,0.006239939270959546
gate4.1-pilot-c7bef51cf5ad,20,0.0,fresh,20,500,200,20260820,-0.0004925920056036829,-0.003608229661663741,0.0025474189695524475,0.0074194110620028455,0.22444083490412786,0.22169903639506652,0.22723792755787972,0.006544065979451583,0.22433353963701355,0.2215754093756489,0.22703486974635803,0.006532840637741727,269.07329999999996,263.8456425,274.11947499999997,12.39936584583854,155.575,151.474375,159.175,8.965247229984058,0.5009018036072144,0.4902805611222445,0.5117234468937875,0.02489011245423176,0.5033000000000001,0.49590000000000006,0.5103025000000001,0.017208015268289505,0.0013479175592967516,-0.015972675311047527,0.018681723940373565,0.04145029341128527,-0.008266932677264697,-0.026476708372837204,0.010500842765013656,0.04424683033532122,0.008339997062917225,-0.008645803558597034,0.02529094038920356,0.040393043957100305,-0.0029755079758764934,-0.025816977161769363,0.01810827366400199,0.05024772161637636,0.0,0.0,0.0,0.0
gate4.1-pilot-d5c94d448aec,20,0.02,partial_reuse,20,500,200,20260820,-0.0004124720889014472,-0.003442986787392858,0.0025460548662714407,0.007194113256006871,0.22007698785273097,0.21741776062949802,0.22276242783854613,0.00635541294936761,0.219969090123947,0.21731545335909788,0.22258346602685866,0.006344895448989384,271.2262999999999,265.41702250000003,276.60101499999996,13.246141464393958,154.225,150.074375,158.300625,9.865510096983543,0.5128256513026053,0.5040080160320641,0.5218436873747494,0.021306865918373465,0.5072,0.4993,0.5148025,0.017881481158479384,-0.016508865451773047,-0.03390821996252239,0.0010416118660375678,0.041340244300399946,-0.007883550955458977,-0.02604579893863169,0.010819052785260871,0.04367526136249581,0.009159316292824404,-0.00790268278706069,0.02616239643279524,0.04041895381446069,-0.027086608763320502,-0.045706866656667414,-0.008464287282410833,0.04310027241631038,0.0,0.0,0.0,0.0
gate4.1-pilot-89172df661f4,20,0.05,partial_reuse,20,500,200,20260820,-6.130963593404477e-05,-0.0028914055446731812,0.002668908889657217,0.006723625267890083,0.21405755588403458,0.2116647534162711,0.21650633339251746,0.005773274979593432,0.21394395841464683,0.2115741592323837,0.2162986290506596,0.005761030032772551,275.1663,270.86127999999997,279.56030999999996,10.328968650303247,158.925,154.52312500000002,163.60062499999998,10.752325329899575,0.5302605210420841,0.5190355711422844,0.5421868737474951,0.026889733354219732,0.5090000000000001,0.5016975,0.5160025000000001,0.017149497460797365,-0.04423866647219017,-0.06185117140839199,-0.026461445223863754,0.0414326946562385,-0.007441004650564025,-0.025963805600350894,0.011669272152192791,0.04425393922201863,0.00952789942265067,-0.007486988942569094,0.0272960468886163,0.04238315534339039,-0.06193586983530956,-0.08607272070212821,-0.039803211916355434,0.0541582574394724,0.0,0.0,0.0,0.0
gate4.1-pilot-d2c14e240618,20,0.1,partial_reuse,20,500,200,20260820,0.00017452813931184168,-0.0024887580706790167,0.0028839401641261564,0.006500458474828621,0.20605774090966725,0.2036678765170424,0.20858683534421527,0.005846011166045114,0.20594963915500086,0.2035223618434729,0.208409265252302,0.005821455605234006,281.4244,276.658975,286.89486,12.000762600329768,161.4,156.14812500000002,166.775625,12.839699947305705,0.5563126252505011,0.5455886773547093,0.5677379759519038,0.02540222920816374,0.5058,0.4986974999999999,0.5128999999999999,0.01685729578113381,-0.09446025090535681,-0.11291955976668473,-0.07571764208846594,0.04436917942847141,-0.0019914452969492127,-0.020383495328859177,0.016770043678864775,0.04459068742868395,0.009885541273670823,-0.008854114920022447,0.029798906011840296,0.046703285961130346,-0.11373950152676518,-0.1369045916714112,-0.09346406736535336,0.05128532148071009,0.0,0.0,0.0,0.0
gate4.1-pilot-bd89c45a30ed,20,0.25,partial_reuse,20,500,200,20260820,0.0007051053753902867,-0.001354156783881957,0.0025902440774635705,0.004711720839616064,0.19604125733777883,0.19394186947916817,0.19813456298678325,0.005091526244409706,0.19590048084513229,0.1937192410817422,0.1980107152531733,0.0050760021433140096,285.6959,279.9949775,291.82911500000006,13.749497988539156,171.5,166.14937500000002,177.20125,12.77229732457589,0.6720440881763527,0.6638276553106213,0.681062124248497,0.02038802466716446,0.5022000000000001,0.4944,0.5103025000000001,0.01860277285500033,-0.2591770674236562,-0.2772496463625756,-0.24180032329617307,0.04020304497637335,0.0693058491718483,0.04497177179533738,0.09322860359350418,0.05765272151146739,-0.010107704405688403,-0.03442586245033628,0.01426345655979544,0.05754608487956516,-0.34518857123870744,-0.36415188559243755,-0.32859522524328916,0.04051363366385026,0.0,0.0,0.0,0.0
gate4.1-pilot-cc575b4daa2b,20,0.5,partial_reuse,20,500,200,20260820,0.0013008774888922802,-0.0002662640185765443,0.002867268945785873,0.003633653613273819,0.2214145065765035,0.21935294939249497,0.22336845862646298,0.0046221448194158484,0.22122517795205515,0.21927407609892038,0.22307423878379834,0.004616510828500647,250.1238,244.01867250000004,255.9536775,13.931782655421191,141.45,137.62437500000001,145.125,8.45561165268679,0.8333667334669338,0.8280536072144288,0.8386773547094188,0.012679044883491704,0.5011,0.4971000000000001,0.5051025000000001,0.009436212442667772,-0.49880716413121107,-0.5115510295566491,-0.4860372965934552,0.030056101938631296,0.31583552387885006,0.28947901976005935,0.3408870435273383,0.05938383841089029,-0.19323759562964749,-0.22434766912205512,-0.15999782633972526,0.0730980974011247,-0.6659568115631518,-0.6765893656050761,-0.6554272232303492,0.025042365459610298,0.0,0.0,0.0,0.0
gate4.1-pilot-5230290be1e1,20,1.0,full_reuse,20,500,200,20260820,0.0017309179654865655,-0.0033200770117671288,0.006404089990278454,0.010735115291412002,0.33210737073094526,0.3304312349184272,0.3337127039449482,0.0038717462137652834,0.33194443939442586,0.33033079837690504,0.3335172627873497,0.0038788625397731384,166.88760000000002,163.3633,170.2795025,8.115125568312157,80.55,79.1,81.925625,3.347819400272677,0.9163326653306616,0.9119213426853706,0.9206437875751504,0.010541739853065923,0.5005,0.4984,0.5024,0.004582575694955844,-0.5711845997956926,-0.5841460968489635,-0.5580804162268869,0.030974525060063367,0.5375224156294486,0.5143298469497164,0.5594578644537984,0.05180997213714402,-0.43749701399413,-0.4539612030035396,-0.4203322011564425,0.03927482361842631,-0.8311407305234061,-0.8401216969703197,-0.8217587705691725,0.021022782742246726,0.0001,0.0,0.00030000000000000003,0.00044721359549995795
gate4.1-pilot-bd81a8baa811,50,0.0,fresh,20,500,200,20260820,-0.00031154253897961245,-0.002282044810367231,0.001611129219700972,0.00469244757059555,0.1419488476493726,0.14021478201459506,0.14371788437184874,0.004138830730697531,0.14188098816412514,0.14013659342225554,0.1435894593356292,0.004131731201234164,360.05289999999997,355.7103900000001,364.0294225000001,10.134932201367503,242.225,238.37437500000001,245.35,7.9892608840670745,0.503306613226453,0.49228456913827656,0.5150300601202404,0.0266835834832609,0.5055999999999999,0.4955,0.5156,0.023284058246385086,0.0013479175592967477,-0.01597267531104753,0.018681723940373558,0.041450293411285276,-0.008266932677264695,-0.026476708372837197,0.010500842765013648,0.044246830335321216,0.00833999706291722,-0.008645803558597042,0.025290940389203577,0.04039304395710032,-0.008840626238554253,-0.03246622015838408,0.013022737613018441,0.053916894870740896,0.0,0.0,0.0,0.0
gate4.1-pilot-581e8e81fe55,50,0.02,partial_reuse,20,500,200,20260820,-0.00023711303664779385,-0.002158595770928727,0.001653473594535874,0.0045988044041367195,0.13918575679423484,0.1374951287993924,0.14093320876733442,0.004067759965094091,0.1391190598176808,0.1374031331046587,0.14080342378697694,0.004059091599663587,363.5072,359.6262175,367.45543,9.224221396895643,242.0,237.6725,246.10062499999998,10.139812102484159,0.5085170340681363,0.4975951903807615,0.5200400801603207,0.02660107350582704,0.5071,0.4978949999999999,0.5165,0.022416863952696084,-0.008897990104250745,-0.0261283320974958,0.008318188693435629,0.04144758638685212,-0.008221245075810589,-0.026632574400786813,0.010567856737026258,0.04470498086028197,0.00866626220523314,-0.008713244233821863,0.025982520940143534,0.04112258249679557,-0.019172368939767648,-0.042619160000509686,0.002764094715198411,0.053581477930225545,0.0,0.0,0.0,0.0
gate4.1-pilot-7b9d58027fd1,50,0.05,partial_reuse,20,500,200,20260820,-0.00010685736504046175,-0.0019519198195431053,0.0017160772063193298,0.004453126633105288,0.13521873944567162,0.1335840639220448,0.13686416619106148,0.003910128514037172,0.135153256508928,0.13351149009263513,0.13679982844680788,0.0039044342170054553,367.9929000000001,362.21311499999996,373.5040300000001,13.392792177334165,249.425,244.85,253.95,10.538494599374838,0.5242484969939879,0.5149298597194389,0.5339679358717434,0.022432832357373096,0.5056,0.4981999999999999,0.5131,0.017682581378591952,-0.024000815493607427,-0.04100815668763591,-0.006998032911506739,0.040732863266174126,-0.008614230983977364,-0.027757497821032925,0.011026931742168357,0.0460587565659618,0.009358627261367028,-0.0070931701285521075,0.026620291249250395,0.04100473613583688,-0.04974975172597403,-0.06958146445624734,-0.030577321712093358,0.044702604336006306,0.0,0.0,0.0,0.0
gate4.1-pilot-701f43f56de0,50,0.1,partial_reuse,20,500,200,20260820,2.181432883741801e-06,-0.00179585239361942,0.0017417414683607779,0.004261647706549536,0.12925032090708605,0.127698768576007,0.13080461437434907,0.0036764612683673377,0.12918784575095374,0.12760124463028882,0.13071152531068303,0.003671097034479376,374.8998,369.3416775,380.3653775,13.095044493001328,253.225,249.27437500000002,257.65,10.028216769642913,0.5422845691382766,0.5329634268537073,0.5516032064128257,0.021321741207647935,0.5039,0.4954975,0.5126,0.020297523831349758,-0.053432049831127225,-0.06957672817331374,-0.03766491880412163,0.03876152546170476,-0.002732757631043644,-0.021776002914450844,0.016777745429878307,0.04566304262691146,0.00806533708086488,-0.008384317318835136,0.025215419559801625,0.04002273517121869,-0.0861359167669259,-0.1047068496356265,-0.06842883246447087,0.0427195553358406,0.0,0.0,0.0,0.0
gate4.1-pilot-a5683c1b109b,50,0.25,partial_reuse,20,500,200,20260820,0.0003652600545222543,-0.0013596035754708578,0.0020406779939058663,0.004045913056962539,0.11708630509897973,0.11593503766679722,0.11824433100087312,0.002829148998642649,0.11703659521499081,0.11588389922407234,0.11823331596417894,0.002808416930546814,389.3616,383.0871925,396.05743999999993,15.255259449914657,268.075,262.574375,273.475,13.054818630440035,0.6038076152304608,0.5937875751503006,0.6137274549098195,0.02410165255990718,0.5027,0.49610000000000004,0.5088999999999999,0.014928249447907405,-0.1541963444189541,-0.17070306162304474,-0.1368255233153469,0.04110387374871129,0.011925399750072918,-0.007343425491655766,0.032620094833147435,0.04808955419235717,0.006562025249771519,-0.013155158675687974,0.02657588639327316,0.046390030984863745,-0.20827155162154054,-0.22751654855069048,-0.18667376086741827,0.04839332535334905,0.0,0.0,0.0,0.0
gate4.1-pilot-4912942c2f80,50,0.5,partial_reuse,20,500,200,20260820,0.0007578449672832764,-0.0007729404746188234,0.0022295233739798043,0.003655240101829468,0.11965247308222844,0.11848601375606425,0.12078770641067707,0.002673090891307272,0.11958795412966024,0.1183936255867301,0.12065721611603916,0.002684017258522311,382.7773,377.56308,388.09516499999995,12.220887042919163,262.5,257.27437499999996,268.150625,12.661587162503926,0.7072144288577155,0.6987925851703407,0.7155310621242486,0.01953698208408275,0.5031,0.49700000000000005,0.5095999999999999,0.014817841308795014,-0.3219641653651187,-0.3396570945670843,-0.3052708613676999,0.04108109646524208,0.11345664569124539,0.09375010068823268,0.1320028890606531,0.04494434766668318,-0.042009418536866384,-0.06026713584209676,-0.02485797061686965,0.04195843519308134,-0.41478023834999095,-0.4316637291502687,-0.39887200620295915,0.03876676372740091,0.0,0.0,0.0,0.0
gate4.1-pilot-21ecaaad61ee,50,1.0,full_reuse,20,500,200,20260820,0.0013739176804209226,-0.0012130802220891,0.0037049650163566493,0.005747741789953539,0.18114255278799044,0.1792468150951271,0.18290172667216742,0.004389078128517209,0.18105353160973475,0.17909012282478873,0.18278531299551393,0.004371491000405649,311.2209,306.27286999999995,316.30935,12.175610365765952,202.425,198.025,207.10125,10.670020717189969,0.794188376753507,0.7855711422845693,0.8034068136272545,0.020857701162261405,0.49929999999999997,0.49440000000000006,0.504,0.011521604420437844,-0.4168150388833685,-0.4304484213421309,-0.4027904261445259,0.03194706482351848,0.22378279911669016,0.20251547710766601,0.24378539092747237,0.049022781159754,-0.12344910781262641,-0.14965579886252853,-0.09669736806639366,0.06099994325443913,-0.5879955655856784,-0.6053795690222081,-0.5711130992416391,0.04153263123448515,0.0,0.0,0.0,0.0
