layer,detector,family,family_class,m,arl,gamma,gamma_se,route_b_gamma,route_b_se,correspondence_verdict,mean_window_at_zero,origin_is_fixed_point,expected_short_correction,fixed_denominator_gain,gaussian_form_gain,stability_status,critical_rho
reduced,cusum@2,gaussian,THEOREM-SUPPORTED,1,19.279979333333333,6.198161347694672,0.0025677691842622766,6.19460944083637,0.015422704668671693,PASS,0.00028305197250289303,True,0.0,6.198161347694672,6.198161347694672,CLASSIFIED,0.192375713855725
reduced,cusum@2,gaussian,THEOREM-SUPPORTED,2,19.279979333333333,4.725071607733235,0.0019859016034816743,4.719862830132907,0.011424344280776514,PASS,0.00014190133848219927,True,0.04978760736049347,4.675284000372742,4.725071607733235,CLASSIFIED,0.2684512152528836
reduced,cusum@2,gaussian,THEOREM-SUPPORTED,3,19.279979333333333,3.761069419595954,0.0015263775986273961,3.7570722874927953,0.009177956021265123,PASS,0.00012136253951176426,True,0.12953486226653976,3.6315345573294144,3.761069419595954,CLASSIFIED,0.3621785069592118
reduced,cusum@2,gaussian,THEOREM-SUPPORTED,5,19.279979333333333,2.754195442429488,0.0011714838790356354,2.7557526028641277,0.005859776970771357,PASS,0.00010275162072685699,True,0.2939546634232299,2.4602407790062575,2.754195442429488,CLASSIFIED,0.5700619074776762
reduced,cusum@2,laplace,THEOREM-SUPPORTED,1,19.545558833333335,4.98337246812106,0.005027921552212615,5.017393489885474,0.013816707579315973,PASS,0.00036243084097928834,True,0.0,4.98337246812106,8.702578395096976,CLASSIFIED,0.2510435586937959
reduced,cusum@2,laplace,THEOREM-SUPPORTED,2,19.545558833333335,3.540673567932578,0.0029904115834836348,3.5653174190339953,0.008681332763916841,PASS,0.00028772434508297717,True,0.06602402859972695,3.4746495393328503,5.513139510820537,CLASSIFIED,0.3935964118419707
reduced,cusum@2,laplace,THEOREM-SUPPORTED,3,19.545558833333335,2.8780631308482505,0.002187740703599489,2.8938844075369126,0.00689584603722436,PASS,0.0001300180446807193,True,0.13541278361949025,2.74265034722876,4.211117198998675,CLASSIFIED,0.5324634638604175
reduced,cusum@2,laplace,THEOREM-SUPPORTED,5,19.545558833333335,2.2248598253288647,0.0014180022346169327,2.2363034184140815,0.004905478158603765,PASS,2.400218843405688e-05,True,0.2631973172816941,1.9616625080471708,3.079234894227357,CLASSIFIED,0.8164199521618797
reduced,cusum@2,logistic,THEOREM-SUPPORTED,1,19.527903666666663,5.6204272802331445,0.0043587906006901074,5.610511611999007,0.012369039431629288,PASS,-0.0018710897949026169,True,0.0,5.6204272802331445,7.34896148477231,CLASSIFIED,0.21643019992504686
reduced,cusum@2,logistic,THEOREM-SUPPORTED,2,19.527903666666663,4.1602894792828025,0.0028453384028578337,4.152637977950313,0.008553811220291849,PASS,-0.0012907117474849799,True,0.05802926306390982,4.102260216218892,5.054688228470112,CLASSIFIED,0.31642670918454613
reduced,cusum@2,logistic,THEOREM-SUPPORTED,3,19.527903666666663,3.3536006739911577,0.0020177394605928297,3.3460631354811197,0.006965689556083745,PASS,-0.0009942979945643264,True,0.13147513066388566,3.2221255433272717,3.944644368864066,CLASSIFIED,0.42488091163920055
reduced,cusum@2,logistic,THEOREM-SUPPORTED,5,19.527903666666663,2.517646596868123,0.0014588786277198056,2.513542061628822,0.005532994122713499,PASS,-0.0005388118656480781,True,0.2760082731314966,2.2416383237366264,2.894844893611657,CLASSIFIED,0.6589149292487727
reduced,cusum@2,t3,THEOREM-SUPPORTED,1,29.119618333333335,4.78562641625216,0.009287538551023856,4.785501166139222,0.015403901501838497,PASS,0.002860048381495986,True,0.0,4.78562641625216,15.43827438101647,CLASSIFIED,0.26415707469360344
reduced,cusum@2,t3,THEOREM-SUPPORTED,2,29.119618333333335,3.4814357686602073,0.005559222014835407,3.490194099230887,0.009757975731486667,PASS,0.001335557462387702,True,0.041569134487368126,3.4398666341728394,8.77013125973481,CLASSIFIED,0.40299249838730516
reduced,cusum@2,t3,THEOREM-SUPPORTED,3,29.119618333333335,2.8655449924832213,0.0038345092492412,2.875927864963237,0.006592835774157025,PASS,0.0007839764477930562,True,0.08507849039570581,2.7804665020875157,6.405023795335267,CLASSIFIED,0.5360363883097256
reduced,cusum@2,t3,THEOREM-SUPPORTED,5,29.119618333333335,2.228483077703749,0.002492551161442108,2.235093324804195,0.004229329628203224,PASS,0.0004033828555806132,True,0.16802596518005744,2.0604571125236912,4.464088219551044,CLASSIFIED,0.8140120268235
reduced,cusum@2,t1p5,THEOREM-SUPPORTED,1,4.830219499999999,2.5656688390594646,0.05443413131259,2.4956982158272085,0.12172128137985122,PASS,0.05939590695171815,True,0.0,2.5656688390594646,18299.187145554413,CLASSIFIED,0.6387046705232534
reduced,cusum@2,t1p5,THEOREM-SUPPORTED,2,4.830219499999999,1.8960660909159106,0.027124492554365533,1.8618168170497704,0.061311441272104736,PASS,0.026007965162690078,True,0.19433262099873685,1.7017334699171738,10242.589726347996,CLASSIFIED,1.1159891107784847
reduced,cusum@2,t1p5,THEOREM-SUPPORTED,3,4.830219499999999,1.6512449094445827,0.025205945228277127,1.6197481097812974,0.040750407188537695,PASS,0.023546963313021127,True,0.36861065105676133,1.2826342583878214,9797.188184553568,CLASSIFIED,1.5355206397741439
reduced,cusum@2,t1p5,THEOREM-SUPPORTED,5,4.830219499999999,1.4803993563648452,0.02419623913626472,1.4517403498681227,0.02491823012995927,PASS,0.022872633506811405,True,0.619023675738099,0.861375680626746,9544.493082040311,CLASSIFIED,2.0816014566858363
reduced,cusum@2,skewnormal4,THEOREM-SUPPORTED,1,20.079075500000002,6.156321781668075,0.0045704064146292215,6.144970728372311,0.014933892374603684,PASS,1.370537244074406,False,0.0,6.156321781668075,5.10669691000582,FIXED-POINT-NOT-AT-ORIGIN,
reduced,cusum@2,skewnormal4,THEOREM-SUPPORTED,2,20.079075500000002,4.697431229563542,0.0030359646142171506,4.691877916400705,0.0106408987342277,PASS,0.7850421756267583,False,0.04877447949544252,4.6486567500681,3.8837284241470535,FIXED-POINT-NOT-AT-ORIGIN,
reduced,cusum@2,skewnormal4,THEOREM-SUPPORTED,3,20.079075500000002,3.8373363083724272,0.002469288160575968,3.8318475692169525,0.00776971850823656,PASS,0.5135784940744585,False,0.1126318339794083,3.7247044743930187,3.234687678931509,FIXED-POINT-NOT-AT-ORIGIN,
reduced,cusum@2,skewnormal4,THEOREM-SUPPORTED,5,20.079075500000002,2.822371628392318,0.0016969522447320762,2.819415997390877,0.005184081200109706,PASS,0.3170910480987538,False,0.2544946201351563,2.567877008257162,2.501014702483532,FIXED-POINT-NOT-AT-ORIGIN,
reduced,cusum@2,uniform,OUTSIDE-ASSUMPTIONS,1,19.898027333333335,0.0,0.0,6.994433396391267,0.010282091420717787,COUNTEREXAMPLE-CONFIRMED,-0.0007625430076162046,True,0.0,0.0,4.764979730926073,NOT-CLASSIFIED-OUTSIDE-ASSUMPTIONS,
reduced,cusum@2,uniform,OUTSIDE-ASSUMPTIONS,2,19.898027333333335,0.0,0.0,6.325805222382225,0.00951800611273707,COUNTEREXAMPLE-CONFIRMED,-0.000770805393408239,True,0.0,0.0,4.327582068970178,NOT-CLASSIFIED-OUTSIDE-ASSUMPTIONS,
reduced,cusum@2,uniform,OUTSIDE-ASSUMPTIONS,3,19.898027333333335,0.0,0.0,4.836795659069136,0.0071695364285522985,COUNTEREXAMPLE-CONFIRMED,-0.0007957662543126239,True,0.0,0.0,3.7415013638119348,NOT-CLASSIFIED-OUTSIDE-ASSUMPTIONS,
reduced,cusum@2,uniform,OUTSIDE-ASSUMPTIONS,5,19.898027333333335,0.0,0.0,3.3123073298531027,0.00489404112427049,COUNTEREXAMPLE-CONFIRMED,-0.0005982349015527326,True,0.0,0.0,2.6953199603177946,NOT-CLASSIFIED-OUTSIDE-ASSUMPTIONS,
reduced,cusum@2,cauchy,OUTSIDE-ASSUMPTIONS,1,3.6599911666666665,-2.996699872480147,6.820948498056468,14.181072958450425,8.260668420324588,COUNTEREXAMPLE-NOT-DEMONSTRATED,-30.400455485387482,True,0.0,-2.996699872480147,3876810935.788555,NOT-CLASSIFIED-OUTSIDE-ASSUMPTIONS,
reduced,cusum@2,cauchy,OUTSIDE-ASSUMPTIONS,2,3.6599911666666665,-0.9407286724817459,3.410437829664533,7.642758842777127,4.1295029176013145,COUNTEREXAMPLE-NOT-DEMONSTRATED,-28.014136629656676,True,0.23089900241600012,-1.1716276748977454,3618981745.114659,NOT-CLASSIFIED-OUTSIDE-ASSUMPTIONS,
reduced,cusum@2,cauchy,OUTSIDE-ASSUMPTIONS,3,3.6599911666666665,-0.3458257690333409,2.2763920748630033,5.430381430762508,2.7547833677776055,COUNTEREXAMPLE-NOT-DEMONSTRATED,-26.957266365800567,True,0.32208916153048467,-0.6679149305638242,3533828648.9561267,NOT-CLASSIFIED-OUTSIDE-ASSUMPTIONS,
reduced,cusum@2,cauchy,OUTSIDE-ASSUMPTIONS,5,3.6599911666666665,0.2914867390185341,1.3963869222887053,3.702533691653813,1.6524860519212112,COUNTEREXAMPLE-NOT-DEMONSTRATED,-26.141491036266313,True,0.6265674537360498,-0.3350807147175157,3465882855.750414,NOT-CLASSIFIED-OUTSIDE-ASSUMPTIONS,
reduced,sr@20,gaussian,THEOREM-SUPPORTED,1,18.3347145,6.427797522853038,0.0021732299162065174,6.432919515622039,0.012896993845397244,PASS,0.0004964806358903034,True,0.0,6.427797522853038,6.427797522853038,CLASSIFIED,0.1842367914038115
reduced,sr@20,gaussian,THEOREM-SUPPORTED,2,18.3347145,4.820510626821234,0.0015876045238543952,4.820088880433229,0.010344858508173752,PASS,0.00032518000678474817,True,0.0032860702311822685,4.817224556590052,4.820510626821234,CLASSIFIED,0.26174511673378764
reduced,sr@20,gaussian,THEOREM-SUPPORTED,3,18.3347145,3.850163450220992,0.0012588524544601312,3.8499819526194354,0.00785619231850498,PASS,0.0001240649233881822,True,0.030057838190039116,3.8201056120309524,3.850163450220992,CLASSIFIED,0.35085707099445945
reduced,sr@20,gaussian,THEOREM-SUPPORTED,5,18.3347145,2.7833595126113813,0.00101521922843972,2.7800377419888407,0.005283789786595733,PASS,0.0003616238393745112,True,0.14262444980709046,2.6407350628042905,2.7833595126113813,CLASSIFIED,0.560739431913925
reduced,sr@20,laplace,THEOREM-SUPPORTED,1,19.296298500000002,6.096764142999871,0.005446391082164362,6.1244908269246086,0.016302426707038693,PASS,0.0003372378759220575,True,0.0,6.096764142999871,8.934323753172356,CLASSIFIED,0.19620291854655386
reduced,sr@20,laplace,THEOREM-SUPPORTED,2,19.296298500000002,4.160225527406735,0.0033521008387717025,4.179794676810815,0.01137833451610417,PASS,0.0002078829595929517,True,0.021039737429151686,4.139185789977584,5.666448265545269,CLASSIFIED,0.3164331125508612
reduced,sr@20,laplace,THEOREM-SUPPORTED,3,19.296298500000002,3.3143053310006856,0.002498327721518943,3.3286003670325353,0.00887684124414057,PASS,8.73601686444939e-05,True,0.058559780615346814,3.2557455503853383,4.318442542276709,CLASSIFIED,0.4320951028391784
reduced,sr@20,laplace,THEOREM-SUPPORTED,5,19.296298500000002,2.481853885216705,0.001584467003635884,2.491878536002986,0.006080811836277943,PASS,0.00010625380308459816,True,0.15963523394711657,2.3222186512695884,3.1016816304562163,CLASSIFIED,0.6748303661894175
reduced,sr@20,logistic,THEOREM-SUPPORTED,1,18.824034833333332,6.269228156610336,0.002004788807496461,6.261179800910293,0.015874590261012955,PASS,-0.00129593634809019,True,0.0,6.269228156610336,7.52572443590569,CLASSIFIED,0.18978111599617925
reduced,sr@20,logistic,THEOREM-SUPPORTED,2,18.824034833333332,4.52100991183685,0.0013443574344662837,4.520779812087749,0.01251364894094807,PASS,-0.0005862079768405644,True,0.012758398801526677,4.508251513035323,5.169787498594453,CLASSIFIED,0.2840094248636515
reduced,sr@20,logistic,THEOREM-SUPPORTED,3,18.824034833333332,3.6221975036892586,0.0010597242676493564,3.6244811374201036,0.009197406078307001,PASS,-0.00044340612148990893,True,0.04534199319397253,3.5768555104952866,4.038479052632127,CLASSIFIED,0.3813595271115414
reduced,sr@20,logistic,THEOREM-SUPPORTED,5,18.824034833333332,2.667965127580137,0.0007586714325156206,2.6693777841472692,0.00616947680363857,PASS,-0.00033467052060003446,True,0.15147719186955064,2.5164879357105865,2.917740067906473,CLASSIFIED,0.5995329179638111
reduced,sr@20,t3,THEOREM-SUPPORTED,1,27.07979983333333,6.261424352261263,0.009631167184578316,6.255914853393498,0.02206084941217649,PASS,0.0030073709238312997,True,0.0,6.261424352261263,14.967063571523672,CLASSIFIED,0.19006260150261756
reduced,sr@20,t3,THEOREM-SUPPORTED,2,27.07979983333333,4.3435475986397165,0.005186847517709444,4.341449428144264,0.012346327729413908,PASS,0.0014457499792116862,True,0.017278748185711183,4.326268850454006,8.594714514697488,CLASSIFIED,0.2990835244597201
reduced,sr@20,t3,THEOREM-SUPPORTED,3,27.07979983333333,3.5035057433471315,0.0032742795441323093,3.506325302690456,0.008605516428030542,PASS,0.0010881512817390866,True,0.0419462475730673,3.4615594957740647,6.314901987563371,CLASSIFIED,0.39943986653812197
reduced,sr@20,t3,THEOREM-SUPPORTED,5,27.07979983333333,2.65083712959491,0.0021116464937841707,2.653158332945067,0.005680861549128425,PASS,0.00030976464111315825,True,0.10671839301172122,2.5441187365831888,4.406038934409217,CLASSIFIED,0.6057532763667514
reduced,sr@20,t1p5,THEOREM-SUPPORTED,1,5.494438,2.681777254342458,0.04745672015229788,2.831138435184505,0.10528739236482285,FAIL,0.05763645596606698,True,0.0,2.681777254342458,18478.035669981404,CLASSIFIED,0.5946090645583029
reduced,sr@20,t1p5,THEOREM-SUPPORTED,2,5.494438,1.9488360142898065,0.023831338671186218,2.027372610496286,0.053272643601072985,FAIL,0.02521859917380262,True,0.1291212043743091,1.8197148099154974,10331.91667085221,CLASSIFIED,1.0539228959900824
reduced,sr@20,t1p5,THEOREM-SUPPORTED,3,5.494438,1.6531457231595177,0.022910959699689933,1.7156835101695698,0.03579687295382499,FAIL,0.023350067316820402,True,0.2559981226372494,1.3971476005222685,9865.949557591708,CLASSIFIED,1.53105189935657
reduced,sr@20,t1p5,THEOREM-SUPPORTED,5,5.494438,1.4343577992223195,0.02299709103501812,1.4807339918105047,0.022598787027160193,FAIL,0.02390237605819927,True,0.48509089825986607,0.9492669009624536,9663.062436715034,CLASSIFIED,2.3022494399557565
reduced,sr@20,skewnormal4,THEOREM-SUPPORTED,1,18.903773333333334,6.758172223393718,0.0034666691579201742,6.75891406334971,0.01611761195752972,PASS,0.93065246474226,False,0.0,6.758172223393718,6.175792697712154,FIXED-POINT-NOT-AT-ORIGIN,
reduced,sr@20,skewnormal4,THEOREM-SUPPORTED,2,18.903773333333334,5.024672057809192,0.0022604805854164146,5.016783735056929,0.010686604430607979,PASS,0.5323419123793537,False,0.011636478234949968,5.013035579574242,4.563764191579948,FIXED-POINT-NOT-AT-ORIGIN,
reduced,sr@20,skewnormal4,THEOREM-SUPPORTED,3,18.903773333333334,4.06826673794231,0.0016836599266628713,4.06443641298336,0.00852115726484011,PASS,0.33951877961781207,False,0.038854613158696025,4.029412124783614,3.7015358752058725,FIXED-POINT-NOT-AT-ORIGIN,
reduced,sr@20,skewnormal4,THEOREM-SUPPORTED,5,18.903773333333334,2.9475222614450085,0.0012461571901014913,2.943373262199787,0.006519007700635971,PASS,0.1916805245008515,False,0.13477493523545256,2.8127473262095557,2.7513802016965605,FIXED-POINT-NOT-AT-ORIGIN,
reduced,sr@20,uniform,OUTSIDE-ASSUMPTIONS,1,18.175695,0.0,0.0,6.289880655824572,0.009665991770601255,COUNTEREXAMPLE-CONFIRMED,-0.0013464173187778426,True,0.0,0.0,4.970046485710699,NOT-CLASSIFIED-OUTSIDE-ASSUMPTIONS,
reduced,sr@20,uniform,OUTSIDE-ASSUMPTIONS,2,18.175695,0.0,0.0,5.4369361967685474,0.007666072873441345,COUNTEREXAMPLE-CONFIRMED,-0.0010165955837728058,True,0.0,0.0,4.375237050804619,NOT-CLASSIFIED-OUTSIDE-ASSUMPTIONS,
reduced,sr@20,uniform,OUTSIDE-ASSUMPTIONS,3,18.175695,0.0,0.0,4.410177342836757,0.006179418433563257,COUNTEREXAMPLE-CONFIRMED,-0.0008243103663986966,True,0.0,0.0,3.7617029530056456,NOT-CLASSIFIED-OUTSIDE-ASSUMPTIONS,
reduced,sr@20,uniform,OUTSIDE-ASSUMPTIONS,5,18.175695,0.0,0.0,3.0365822045574538,0.004730299575731516,COUNTEREXAMPLE-CONFIRMED,-0.0005602494797197474,True,0.0,0.0,2.7181548185009277,NOT-CLASSIFIED-OUTSIDE-ASSUMPTIONS,
reduced,sr@20,cauchy,OUTSIDE-ASSUMPTIONS,1,4.1362235,4.7713896646528795,3.085648658510219,4.874964785527331,2.262189179084561,COUNTEREXAMPLE-NOT-DEMONSTRATED,-30.621224051135638,True,0.0,4.7713896646528795,3877242855.355358,NOT-CLASSIFIED-OUTSIDE-ASSUMPTIONS,
reduced,sr@20,cauchy,OUTSIDE-ASSUMPTIONS,2,4.1362235,2.932865281604039,1.5428629144415682,2.98355752702319,1.1310919879651513,COUNTEREXAMPLE-NOT-DEMONSTRATED,-28.124173228230358,True,0.17296059207520997,2.759904689528829,3619197704.42011,NOT-CLASSIFIED-OUTSIDE-ASSUMPTIONS,
reduced,sr@20,cauchy,OUTSIDE-ASSUMPTIONS,3,4.1362235,2.251542709726398,1.08366576377142,2.344361907010686,0.7546744323070361,COUNTEREXAMPLE-NOT-DEMONSTRATED,-27.013121924495113,True,0.27219259421662395,1.9793501155097737,3533984296.198423,NOT-CLASSIFIED-OUTSIDE-ASSUMPTIONS,
reduced,sr@20,cauchy,OUTSIDE-ASSUMPTIONS,5,4.1362235,1.7234624096876956,0.7553950988706181,1.8649978368188236,0.46860122478358684,COUNTEREXAMPLE-NOT-DEMONSTRATED,-26.248510524812104,True,0.45588214845443115,1.2675802612332643,3466183196.6063366,NOT-CLASSIFIED-OUTSIDE-ASSUMPTIONS,
frozen,cusum@5,gaussian,THEOREM-SUPPORTED,1,465.4507940625,15.877341607803746,0.016820858912165428,15.857200182274696,0.04659386702105194,PASS,-0.0015172896465448411,True,0.0,15.877341607803746,15.877341607803746,CLASSIFIED,0.06721630963124897
frozen,cusum@5,gaussian,THEOREM-SUPPORTED,2,465.4507940625,13.247492200009852,0.015086940786342914,13.23021468719478,0.03644333881403051,PASS,-0.0014124022822689115,True,0.0,13.247492200009852,13.247492200009852,CLASSIFIED,0.08164936818650888
frozen,cusum@5,gaussian,THEOREM-SUPPORTED,3,465.4507940625,11.91473469343104,0.01373348633327897,11.910916176260612,0.031196600782122785,PASS,-0.0011391236058817175,True,0.00016851001415034238,11.91456618341689,11.91473469343104,CLASSIFIED,0.09161926772272745
frozen,cusum@5,gaussian,THEOREM-SUPPORTED,5,465.4507940625,10.18421225463857,0.01206152585544661,10.181380847368848,0.026030228113434906,PASS,-0.0010997275644681745,True,0.0028475487151410623,10.18136470592343,10.18421225463857,CLASSIFIED,0.10888250100001128
frozen,cusum@5,laplace,THEOREM-SUPPORTED,1,276.4043284375,13.021952830849475,0.05013660826047837,12.986935431874587,0.04723086751144117,PASS,0.0009669593954284857,True,0.0,13.021952830849475,22.828793514447256,CLASSIFIED,0.08318116150263914
frozen,cusum@5,laplace,THEOREM-SUPPORTED,2,276.4043284375,9.54960851159974,0.030493096250231874,9.531161099331413,0.029937142388616365,PASS,0.0009892431679676332,True,0.0018638879407593208,9.547744623658978,16.10587328598624,CLASSIFIED,0.11696441990802774
frozen,cusum@5,laplace,THEOREM-SUPPORTED,3,276.4043284375,8.049521954585519,0.023783633954957407,8.031273808590889,0.02475673747566968,PASS,0.0005997396627951789,True,0.00519009884693772,8.044331855738582,13.086298587296227,CLASSIFIED,0.14185359041963516
frozen,cusum@5,laplace,THEOREM-SUPPORTED,5,276.4043284375,6.3917140670101595,0.01925348231551391,6.372445018540269,0.018391271202737546,PASS,0.00039360743465437806,True,0.015134196725414419,6.376579870284745,9.804799824252191,CLASSIFIED,0.18546977595095748
frozen,cusum@5,logistic,THEOREM-SUPPORTED,1,359.4279934375,14.574339257770635,0.021731454179101842,14.592757269361542,0.05084611019625189,PASS,0.0005402050377134402,True,0.0,14.574339257770635,19.057299583927318,CLASSIFIED,0.07366841074253759
frozen,cusum@5,logistic,THEOREM-SUPPORTED,2,359.4279934375,11.415394846281757,0.015134592706803491,11.397627195193552,0.03532617642818208,PASS,0.00015282854302844907,True,0.0005075333940679332,11.41488731288769,14.65288714018349,CLASSIFIED,0.09601172252792653
frozen,cusum@5,logistic,THEOREM-SUPPORTED,3,359.4279934375,9.929655079496552,0.01236280003450758,9.914271860613718,0.02897113915120985,PASS,0.00048513126380694274,True,0.001966683701972414,9.92768839579458,12.52348253114577,CLASSIFIED,0.11198640833240105
frozen,cusum@5,logistic,THEOREM-SUPPORTED,5,359.4279934375,8.137886528947725,0.00867478125483278,8.12969981625975,0.023933984346553264,PASS,0.0004274683136364831,True,0.008087452301874465,8.12979907664585,9.963666788459268,CLASSIFIED,0.14009749187585097
frozen,cusum@5,t3,THEOREM-SUPPORTED,1,237.14127812499999,8.005392726291236,0.07115334462054447,8.017513707137548,0.06249317987320827,PASS,0.009867094279869208,True,0.0,8.005392726291236,63.00726668931193,CLASSIFIED,0.1427471719389836
frozen,cusum@5,t3,THEOREM-SUPPORTED,2,237.14127812499999,5.539699187430426,0.034800136897289134,5.564822359951122,0.031526149515866096,PASS,0.005300587263312524,True,0.00489563263448335,5.5348035547959435,34.055494070227894,CLASSIFIED,0.22027891248142872
frozen,cusum@5,t3,THEOREM-SUPPORTED,3,237.14127812499999,4.560418099520341,0.0257780250952195,4.5959092022714,0.023476550803260866,PASS,0.003394522991433711,True,0.009978354205292344,4.550439745315048,23.954677330209076,CLASSIFIED,0.28086589047918836
frozen,cusum@5,t3,THEOREM-SUPPORTED,5,237.14127812499999,3.5994631714565752,0.014711689405014616,3.6202933509511346,0.015922183921236947,PASS,0.0020400342417848274,True,0.020693887638137554,3.5787692838184375,15.499513403000755,CLASSIFIED,0.3846948135216946
frozen,cusum@5,t1p5,THEOREM-SUPPORTED,1,11.726424375,3.4824719060557694,0.14025772247907853,3.5959334806866483,0.2913546560873388,FAIL,0.011579961234692814,True,0.0,3.4824719060557694,7174.371808750178,CLASSIFIED,0.402824296847263
frozen,cusum@5,t1p5,THEOREM-SUPPORTED,2,11.726424375,2.5210111585865596,0.07028045554809371,2.583355088944657,0.1487523278909255,PASS,-0.002856911659438086,True,0.06970630841549197,2.4513048501710673,3948.545055988559,CLASSIFIED,0.6574573725871129
frozen,cusum@5,t1p5,THEOREM-SUPPORTED,3,11.726424375,2.137629149638606,0.04728549902371601,2.1852385281443336,0.09974638378576554,PASS,-0.00883969176300084,True,0.14315917975845197,1.994469969880154,2974.7645048589293,CLASSIFIED,0.8790210766994437
frozen,cusum@5,t1p5,THEOREM-SUPPORTED,5,11.726424375,1.7750725777131664,0.029125525828974715,1.804900806096951,0.05996214940310369,PASS,-0.013778649532557296,True,0.283536770754106,1.4915358069590605,2226.2189624787966,CLASSIFIED,1.2902017549769038
frozen,cusum@5,skewnormal4,THEOREM-SUPPORTED,1,365.0579125,5.421340740620465,0.04130998468685466,5.4036973901907634,0.02747935024204144,PASS,2.1728708220867596,False,0.0,5.421340740620465,4.541348765785159,FIXED-POINT-NOT-AT-ORIGIN,
frozen,cusum@5,skewnormal4,THEOREM-SUPPORTED,2,365.0579125,4.3086002065573314,0.030830947577863015,4.33135188785984,0.02250989526006011,PASS,1.7425156016338044,False,0.00015725462140085713,4.30844295193593,3.5468911111743555,FIXED-POINT-NOT-AT-ORIGIN,
frozen,cusum@5,skewnormal4,THEOREM-SUPPORTED,3,365.0579125,3.8605833306897965,0.026855850399894226,3.8634399025820714,0.017115450230787844,PASS,1.4865419120575922,False,0.0014060979497528602,3.8591772327400435,3.1362650772196727,FIXED-POINT-NOT-AT-ORIGIN,
frozen,cusum@5,skewnormal4,THEOREM-SUPPORTED,5,365.0579125,3.4946361703817863,0.02228250899734569,3.4929730844809264,0.013969082333076302,PASS,1.1187710175153585,False,0.007568552054488308,3.487067618327298,2.8161993131857623,FIXED-POINT-NOT-AT-ORIGIN,
frozen,cusum@5,uniform,OUTSIDE-ASSUMPTIONS,1,672.2942153125,0.0,0.0,16.708917938922696,0.03234107363581599,COUNTEREXAMPLE-CONFIRMED,-3.5918209574815636e-05,True,0.0,0.0,12.880753178175079,NOT-CLASSIFIED-OUTSIDE-ASSUMPTIONS,
frozen,cusum@5,uniform,OUTSIDE-ASSUMPTIONS,2,672.2942153125,0.0,0.0,15.252259004782806,0.032587635840367585,COUNTEREXAMPLE-CONFIRMED,0.00018358314970692228,True,0.0,0.0,11.810633132400985,NOT-CLASSIFIED-OUTSIDE-ASSUMPTIONS,
frozen,cusum@5,uniform,OUTSIDE-ASSUMPTIONS,3,672.2942153125,0.0,0.0,14.287772145077161,0.029842561485887032,COUNTEREXAMPLE-CONFIRMED,0.00025679943641218465,True,0.0,0.0,11.085845625290395,NOT-CLASSIFIED-OUTSIDE-ASSUMPTIONS,
frozen,cusum@5,uniform,OUTSIDE-ASSUMPTIONS,5,672.2942153125,0.0,0.0,13.097595747877904,0.027866872488441514,COUNTEREXAMPLE-CONFIRMED,0.00021450542209615353,True,0.0,0.0,10.192668475468388,NOT-CLASSIFIED-OUTSIDE-ASSUMPTIONS,
frozen,cusum@5,cauchy,OUTSIDE-ASSUMPTIONS,1,6.915886875,29.92803002272648,22.322304883058923,8.852416335146557,10.343882567502895,COUNTEREXAMPLE-NOT-DEMONSTRATED,10.022185804373148,True,0.0,29.92803002272648,584010798.5283601,NOT-CLASSIFIED-OUTSIDE-ASSUMPTIONS,
frozen,cusum@5,cauchy,OUTSIDE-ASSUMPTIONS,2,6.915886875,15.590380247742754,11.161350229410019,5.0454020125463614,5.172051148028581,COUNTEREXAMPLE-NOT-DEMONSTRATED,4.684379917248297,True,0.11356329933604321,15.476816948406713,292823110.0510407,NOT-CLASSIFIED-OUTSIDE-ASSUMPTIONS,
frozen,cusum@5,cauchy,OUTSIDE-ASSUMPTIONS,3,6.915886875,10.665286524075778,7.474755331398479,3.7577324817579627,3.4472425391450705,COUNTEREXAMPLE-NOT-DEMONSTRATED,2.709608639769713,True,0.10156672475761772,10.563719799318156,196968918.88006222,NOT-CLASSIFIED-OUTSIDE-ASSUMPTIONS,
frozen,cusum@5,cauchy,OUTSIDE-ASSUMPTIONS,5,6.915886875,6.482191255516549,4.600703465104808,2.70830128590998,2.068412442960068,COUNTEREXAMPLE-NOT-DEMONSTRATED,1.2102904699214245,True,-0.043426618627500746,6.525617874144048,121191516.19469482,NOT-CLASSIFIED-OUTSIDE-ASSUMPTIONS,
frozen,sr@520.886,gaussian,THEOREM-SUPPORTED,1,465.2165178125,17.258937362693644,0.02025970312960504,17.23852889349197,0.03413468715169491,PASS,-0.001566968212581444,True,0.0,17.258937362693644,17.258937362693644,CLASSIFIED,0.0615046345091724
frozen,sr@520.886,gaussian,THEOREM-SUPPORTED,2,465.2165178125,14.358609580755475,0.01610402470856826,14.32429917480909,0.02837510716633154,PASS,-0.0011316691166482137,True,0.0,14.358609580755475,14.358609580755475,CLASSIFIED,0.07485809012942547
frozen,sr@520.886,gaussian,THEOREM-SUPPORTED,3,465.2165178125,12.831339840632122,0.013048722904538327,12.80064169290006,0.02584584221142333,PASS,-0.0010399301850050307,True,2.898634262802941e-06,12.83133694199786,12.831339840632122,CLASSIFIED,0.08452128106114584
frozen,sr@520.886,gaussian,THEOREM-SUPPORTED,5,465.2165178125,10.922954931665537,0.00972542242695747,10.911766241931526,0.022075873555611084,PASS,-0.000650936573487144,True,0.0004256729010685633,10.922529258764467,10.922954931665537,CLASSIFIED,0.10077643271449921
frozen,sr@520.886,laplace,THEOREM-SUPPORTED,1,297.46994562500004,16.079047002342215,0.049315845903499474,16.074743020268073,0.060097629606933683,PASS,-0.001572603366492237,True,0.0,16.079047002342215,24.883392450871483,CLASSIFIED,0.06631718833721195
frozen,sr@520.886,laplace,THEOREM-SUPPORTED,2,297.46994562500004,11.59018436521107,0.03595983355066902,11.602615904908525,0.03613829937108785,PASS,-0.00158201334862588,True,0.00036229588427962684,11.58982206932679,17.516684564471817,CLASSIFIED,0.09442706241120943
frozen,sr@520.886,laplace,THEOREM-SUPPORTED,3,297.46994562500004,9.66237168902339,0.026264277715567653,9.679287067173805,0.028513027665758084,PASS,-0.001511301657087297,True,0.0013896806060462248,9.660982008417342,14.27451095496052,CLASSIFIED,0.115441825391441
frozen,sr@520.886,laplace,THEOREM-SUPPORTED,5,297.46994562500004,7.611456319406889,0.01775940481271703,7.625797256877686,0.020127668257989215,PASS,-0.0013083302103441604,True,0.0058717647220490905,7.60558455468484,10.820679111614236,CLASSIFIED,0.15125260633797996
frozen,sr@520.886,logistic,THEOREM-SUPPORTED,1,374.551041875,16.819554364763576,0.019300729650248403,16.887902972092828,0.05428434515646292,PASS,0.002091524726407252,True,0.0,16.819554364763576,20.80815071537299,CLASSIFIED,0.06321290580899022
frozen,sr@520.886,logistic,THEOREM-SUPPORTED,2,374.551041875,13.042498180519237,0.013256985823162943,13.066029759938779,0.03980925015501809,PASS,0.0011634864644313537,True,5.948252351696456e-05,13.04243869799572,15.904044526633601,CLASSIFIED,0.08303924858528672
frozen,sr@520.886,logistic,THEOREM-SUPPORTED,3,374.551041875,11.26265004613146,0.010475918616018242,11.293345178923845,0.032391128469144555,PASS,0.001144743769664741,True,0.0003397242606041521,11.262310321870856,13.571478633720577,CLASSIFIED,0.09744071906426871
frozen,sr@520.886,logistic,THEOREM-SUPPORTED,5,374.551041875,9.20444183781576,0.00828933926242647,9.233311445986216,0.026128371771262496,PASS,0.0006959709206228157,True,0.002283072168058618,9.202158765647702,10.870699810890475,CLASSIFIED,0.12188519582049062
frozen,sr@520.886,t3,THEOREM-SUPPORTED,1,257.15239625000004,11.24796836717996,0.09725068439038233,11.034502763910117,0.06538826132276938,PASS,0.008280427594120114,True,0.0,11.24796836717996,67.51209865434355,CLASSIFIED,0.09758031681699857
frozen,sr@520.886,t3,THEOREM-SUPPORTED,2,257.15239625000004,7.435148840681833,0.05133477550637278,7.328653013321677,0.03971911582572427,PASS,0.0046514870240380694,True,0.002700686278492655,7.432448154403341,36.605611811451105,CLASSIFIED,0.15539656109866223
frozen,sr@520.886,t3,THEOREM-SUPPORTED,3,257.15239625000004,5.963870991649717,0.033427029871082786,5.896190005804964,0.02889926740964139,PASS,0.003630504847167385,True,0.0058110240916534875,5.9580599675580626,25.823823436297697,CLASSIFIED,0.20145567878017215
frozen,sr@520.886,t3,THEOREM-SUPPORTED,5,257.15239625000004,4.562282299268917,0.023006451805731628,4.530741252239049,0.01937744564489526,PASS,0.0023166099271637037,True,0.012960569535386534,4.549321729733531,16.78015812833265,CLASSIFIED,0.28071890883134915
frozen,sr@520.886,t1p5,THEOREM-SUPPORTED,1,13.068204062500001,4.127637962241225,0.095644663353909,3.069427209221318,0.7159598768675346,FAIL,-0.028000452288130553,True,0.0,4.127637962241225,9797.763576066474,CLASSIFIED,0.31973010050159795
frozen,sr@520.886,t1p5,THEOREM-SUPPORTED,2,13.068204062500001,2.8572678597885934,0.0477424556064914,2.3224662952055337,0.3566510827252139,FAIL,-0.022632552253273208,True,0.05212122068677033,2.805146639101823,5260.402621749148,CLASSIFIED,0.5384252975302263
frozen,sr@520.886,t1p5,THEOREM-SUPPORTED,3,13.068204062500001,2.3667583535820804,0.03209243028509037,2.018714538099408,0.23900097044344962,FAIL,-0.022721247016204683,True,0.11123784085425371,2.255520512727827,3849.7387174681476,CLASSIFIED,0.7316582315953228
frozen,sr@520.886,t1p5,THEOREM-SUPPORTED,5,13.068204062500001,1.9108886695671918,0.020364198424204328,1.6998480478558962,0.143817792013222,FAIL,-0.0221786366824391,True,0.2326090917664691,1.6782795778007227,2752.1007027324017,CLASSIFIED,1.0978290030494608
frozen,sr@520.886,skewnormal4,THEOREM-SUPPORTED,1,395.95252468750004,7.938994979462741,0.03866019084120197,8.12556266543762,0.03661074497738727,PASS,2.033487329449944,False,0.0,7.938994979462741,6.892204057613229,FIXED-POINT-NOT-AT-ORIGIN,
frozen,sr@520.886,skewnormal4,THEOREM-SUPPORTED,2,395.95252468750004,6.387531944055008,0.028449251737806065,6.556100574559456,0.027042423621162465,FAIL,1.6099331531154029,False,1.095069499209225e-05,6.387520993360016,5.510226657466416,FIXED-POINT-NOT-AT-ORIGIN,
frozen,sr@520.886,skewnormal4,THEOREM-SUPPORTED,3,395.95252468750004,5.6509041515896925,0.025422275391336895,5.781388704428751,0.024200728768888662,PASS,1.3739128306350987,False,0.00017237545968779993,5.650731776130004,4.834201773193393,FIXED-POINT-NOT-AT-ORIGIN,
frozen,sr@520.886,skewnormal4,THEOREM-SUPPORTED,5,395.95252468750004,4.886094945941677,0.02091549490951922,4.986850294703765,0.021111813248221502,PASS,1.05868554869773,False,0.00222682976551139,4.883868116176165,4.142243733671099,FIXED-POINT-NOT-AT-ORIGIN,
frozen,sr@520.886,uniform,OUTSIDE-ASSUMPTIONS,1,627.2520493750001,0.0,0.0,17.00693938542103,0.0330871838279819,COUNTEREXAMPLE-CONFIRMED,-0.001369083332198136,True,0.0,0.0,13.764612369896103,NOT-CLASSIFIED-OUTSIDE-ASSUMPTIONS,
frozen,sr@520.886,uniform,OUTSIDE-ASSUMPTIONS,2,627.2520493750001,0.0,0.0,15.524094434252708,0.030423002645532368,COUNTEREXAMPLE-CONFIRMED,-0.0011109248780050516,True,0.0,0.0,12.605571153014196,NOT-CLASSIFIED-OUTSIDE-ASSUMPTIONS,
frozen,sr@520.886,uniform,OUTSIDE-ASSUMPTIONS,3,627.2520493750001,0.0,0.0,14.500896523717381,0.028227471461534724,COUNTEREXAMPLE-CONFIRMED,-0.0011475034251643558,True,0.0,0.0,11.817825863304607,NOT-CLASSIFIED-OUTSIDE-ASSUMPTIONS,
frozen,sr@520.886,uniform,OUTSIDE-ASSUMPTIONS,5,627.2520493750001,0.0,0.0,13.132586658585105,0.026999011777837752,COUNTEREXAMPLE-CONFIRMED,-0.0013516668117799532,True,0.0,0.0,10.757819008982322,NOT-CLASSIFIED-OUTSIDE-ASSUMPTIONS,
frozen,sr@520.886,cauchy,OUTSIDE-ASSUMPTIONS,1,7.605590625,-15.03963571550009,20.116781013790344,69.85387255402621,53.57097247758537,COUNTEREXAMPLE-NOT-DEMONSTRATED,10.046603407503113,True,0.0,-15.03963571550009,584458469.666361,NOT-CLASSIFIED-OUTSIDE-ASSUMPTIONS,
frozen,sr@520.886,cauchy,OUTSIDE-ASSUMPTIONS,2,7.605590625,-6.899299621351444,10.058513189275873,35.54890779916184,26.784634503295077,COUNTEREXAMPLE-NOT-DEMONSTRATED,4.69608847879987,True,0.09291607636269628,-6.9922156977141405,293046965.68065095,NOT-CLASSIFIED-OUTSIDE-ASSUMPTIONS,
frozen,sr@520.886,cauchy,OUTSIDE-ASSUMPTIONS,3,7.605590625,-4.122960396356158,6.7445700769006525,24.090837091625,17.856935085145622,COUNTEREXAMPLE-NOT-DEMONSTRATED,2.7475049839404395,True,0.2754946823772702,-4.398455078733428,197136126.43454397,NOT-CLASSIFIED-OUTSIDE-ASSUMPTIONS,
frozen,sr@520.886,cauchy,OUTSIDE-ASSUMPTIONS,5,7.605590625,-1.8150909497408554,4.142550160430206,14.964397229639012,10.712279939615422,COUNTEREXAMPLE-NOT-DEMONSTRATED,1.1466214162523565,True,0.618013824442514,-2.4331047741833696,121830094.87741764,NOT-CLASSIFIED-OUTSIDE-ASSUMPTIONS,
